,word,sentiment_flag
0,a+,1
1,abound,1
2,abounds,1
3,abundance,1
4,abundant,1
5,accessable,1
6,accessible,1
7,acclaim,1
8,acclaimed,1
9,acclamation,1
10,accolade,1
11,accolades,1
12,accommodative,1
13,accomodative,1
14,accomplish,1
15,accomplished,1
16,accomplishment,1
17,accomplishments,1
18,accurate,1
19,accurately,1
20,achievable,1
21,achievement,1
22,achievements,1
23,achievible,1
24,acumen,1
25,adaptable,1
26,adaptive,1
27,adequate,1
28,adjustable,1
29,admirable,1
30,admirably,1
31,admiration,1
32,admire,1
33,admirer,1
34,admiring,1
35,admiringly,1
36,adorable,1
37,adore,1
38,adored,1
39,adorer,1
40,adoring,1
41,adoringly,1
42,adroit,1
43,adroitly,1
44,adulate,1
45,adulation,1
46,adulatory,1
47,advanced,1
48,advantage,1
49,advantageous,1
50,advantageously,1
51,advantages,1
52,adventuresome,1
53,adventurous,1
54,advocate,1
55,advocated,1
56,advocates,1
57,affability,1
58,affable,1
59,affably,1
60,affectation,1
61,affection,1
62,affectionate,1
63,affinity,1
64,affirm,1
65,affirmation,1
66,affirmative,1
67,affluence,1
68,affluent,1
69,afford,1
70,affordable,1
71,affordably,1
72,afordable,1
73,agile,1
74,agilely,1
75,agility,1
76,agreeable,1
77,agreeableness,1
78,agreeably,1
79,all-around,1
80,alluring,1
81,alluringly,1
82,altruistic,1
83,altruistically,1
84,amaze,1
85,amazed,1
86,amazement,1
87,amazes,1
88,amazing,1
89,amazingly,1
90,ambitious,1
91,ambitiously,1
92,ameliorate,1
93,amenable,1
94,amenity,1
95,amiability,1
96,amiabily,1
97,amiable,1
98,amicability,1
99,amicable,1
100,amicably,1
101,amity,1
102,ample,1
103,amply,1
104,amuse,1
105,amusing,1
106,amusingly,1
107,angel,1
108,angelic,1
109,apotheosis,1
110,appeal,1
111,appealing,1
112,applaud,1
113,appreciable,1
114,appreciate,1
115,appreciated,1
116,appreciates,1
117,appreciative,1
118,appreciatively,1
119,appropriate,1
120,approval,1
121,approve,1
122,ardent,1
123,ardently,1
124,ardor,1
125,articulate,1
126,aspiration,1
127,aspirations,1
128,aspire,1
129,assurance,1
130,assurances,1
131,assure,1
132,assuredly,1
133,assuring,1
134,astonish,1
135,astonished,1
136,astonishing,1
137,astonishingly,1
138,astonishment,1
139,astound,1
140,astounded,1
141,astounding,1
142,astoundingly,1
143,astutely,1
144,attentive,1
145,attraction,1
146,attractive,1
147,attractively,1
148,attune,1
149,audible,1
150,audibly,1
151,auspicious,1
152,authentic,1
153,authoritative,1
154,autonomous,1
155,available,1
156,aver,1
157,avid,1
158,avidly,1
159,award,1
160,awarded,1
161,awards,1
162,awe,1
163,awed,1
164,awesome,1
165,awesomely,1
166,awesomeness,1
167,awestruck,1
168,awsome,1
169,backbone,1
170,balanced,1
171,bargain,1
172,beauteous,1
173,beautiful,1
174,beautifullly,1
175,beautifully,1
176,beautify,1
177,beauty,1
178,beckon,1
179,beckoned,1
180,beckoning,1
181,beckons,1
182,believable,1
183,believeable,1
184,beloved,1
185,benefactor,1
186,beneficent,1
187,beneficial,1
188,beneficially,1
189,beneficiary,1
190,benefit,1
191,benefits,1
192,benevolence,1
193,benevolent,1
194,benifits,1
195,best,1
196,best-known,1
197,best-performing,1
198,best-selling,1
199,better,1
200,better-known,1
201,better-than-expected,1
202,beutifully,1
203,blameless,1
204,bless,1
205,blessing,1
206,bliss,1
207,blissful,1
208,blissfully,1
209,blithe,1
210,blockbuster,1
211,bloom,1
212,blossom,1
213,bolster,1
214,bonny,1
215,bonus,1
216,bonuses,1
217,boom,1
218,booming,1
219,boost,1
220,boundless,1
221,bountiful,1
222,brainiest,1
223,brainy,1
224,brand-new,1
225,brave,1
226,bravery,1
227,bravo,1
228,breakthrough,1
229,breakthroughs,1
230,breathlessness,1
231,breathtaking,1
232,breathtakingly,1
233,breeze,1
234,bright,1
235,brighten,1
236,brighter,1
237,brightest,1
238,brilliance,1
239,brilliances,1
240,brilliant,1
241,brilliantly,1
242,brisk,1
243,brotherly,1
244,bullish,1
245,buoyant,1
246,cajole,1
247,calm,1
248,calming,1
249,calmness,1
250,capability,1
251,capable,1
252,capably,1
253,captivate,1
254,captivating,1
255,carefree,1
256,cashback,1
257,cashbacks,1
258,catchy,1
259,celebrate,1
260,celebrated,1
261,celebration,1
262,celebratory,1
263,champ,1
264,champion,1
265,charisma,1
266,charismatic,1
267,charitable,1
268,charm,1
269,charming,1
270,charmingly,1
271,chaste,1
272,cheaper,1
273,cheapest,1
274,cheer,1
275,cheerful,1
276,cheery,1
277,cherish,1
278,cherished,1
279,cherub,1
280,chic,1
281,chivalrous,1
282,chivalry,1
283,civility,1
284,civilize,1
285,clarity,1
286,classic,1
287,classy,1
288,clean,1
289,cleaner,1
290,cleanest,1
291,cleanliness,1
292,cleanly,1
293,clear,1
294,clear-cut,1
295,cleared,1
296,clearer,1
297,clearly,1
298,clears,1
299,clever,1
300,cleverly,1
301,cohere,1
302,coherence,1
303,coherent,1
304,cohesive,1
305,colorful,1
306,comely,1
307,comfort,1
308,comfortable,1
309,comfortably,1
310,comforting,1
311,comfy,1
312,commend,1
313,commendable,1
314,commendably,1
315,commitment,1
316,commodious,1
317,compact,1
318,compactly,1
319,compassion,1
320,compassionate,1
321,compatible,1
322,competitive,1
323,complement,1
324,complementary,1
325,complemented,1
326,complements,1
327,compliant,1
328,compliment,1
329,complimentary,1
330,comprehensive,1
331,conciliate,1
332,conciliatory,1
333,concise,1
334,confidence,1
335,confident,1
336,congenial,1
337,congratulate,1
338,congratulation,1
339,congratulations,1
340,congratulatory,1
341,conscientious,1
342,considerate,1
343,consistent,1
344,consistently,1
345,constructive,1
346,consummate,1
347,contentment,1
348,continuity,1
349,contrasty,1
350,contribution,1
351,convenience,1
352,convenient,1
353,conveniently,1
354,convience,1
355,convienient,1
356,convient,1
357,convincing,1
358,convincingly,1
359,cool,1
360,coolest,1
361,cooperative,1
362,cooperatively,1
363,cornerstone,1
364,correct,1
365,correctly,1
366,cost-effective,1
367,cost-saving,1
368,counter-attack,1
369,counter-attacks,1
370,courage,1
371,courageous,1
372,courageously,1
373,courageousness,1
374,courteous,1
375,courtly,1
376,covenant,1
377,cozy,1
378,creative,1
379,credence,1
380,credible,1
381,crisp,1
382,crisper,1
383,cure,1
384,cure-all,1
385,cushy,1
386,cute,1
387,cuteness,1
388,danke,1
389,danken,1
390,daring,1
391,daringly,1
392,darling,1
393,dashing,1
394,dauntless,1
395,dawn,1
396,dazzle,1
397,dazzled,1
398,dazzling,1
399,dead-cheap,1
400,dead-on,1
401,decency,1
402,decent,1
403,decisive,1
404,decisiveness,1
405,dedicated,1
406,defeat,1
407,defeated,1
408,defeating,1
409,defeats,1
410,defender,1
411,deference,1
412,deft,1
413,deginified,1
414,delectable,1
415,delicacy,1
416,delicate,1
417,delicious,1
418,delight,1
419,delighted,1
420,delightful,1
421,delightfully,1
422,delightfulness,1
423,dependable,1
424,dependably,1
425,deservedly,1
426,deserving,1
427,desirable,1
428,desiring,1
429,desirous,1
430,destiny,1
431,detachable,1
432,devout,1
433,dexterous,1
434,dexterously,1
435,dextrous,1
436,dignified,1
437,dignify,1
438,dignity,1
439,diligence,1
440,diligent,1
441,diligently,1
442,diplomatic,1
443,dirt-cheap,1
444,distinction,1
445,distinctive,1
446,distinguished,1
447,diversified,1
448,divine,1
449,divinely,1
450,dominate,1
451,dominated,1
452,dominates,1
453,dote,1
454,dotingly,1
455,doubtless,1
456,dreamland,1
457,dumbfounded,1
458,dumbfounding,1
459,dummy-proof,1
460,durable,1
461,dynamic,1
462,eager,1
463,eagerly,1
464,eagerness,1
465,earnest,1
466,earnestly,1
467,earnestness,1
468,ease,1
469,eased,1
470,eases,1
471,easier,1
472,easiest,1
473,easiness,1
474,easing,1
475,easy,1
476,easy-to-use,1
477,easygoing,1
478,ebullience,1
479,ebullient,1
480,ebulliently,1
481,ecenomical,1
482,economical,1
483,ecstasies,1
484,ecstasy,1
485,ecstatic,1
486,ecstatically,1
487,edify,1
488,educated,1
489,effective,1
490,effectively,1
491,effectiveness,1
492,effectual,1
493,efficacious,1
494,efficient,1
495,efficiently,1
496,effortless,1
497,effortlessly,1
498,effusion,1
499,effusive,1
500,effusively,1
501,effusiveness,1
502,elan,1
503,elate,1
504,elated,1
505,elatedly,1
506,elation,1
507,electrify,1
508,elegance,1
509,elegant,1
510,elegantly,1
511,elevate,1
512,elite,1
513,eloquence,1
514,eloquent,1
515,eloquently,1
516,embolden,1
517,eminence,1
518,eminent,1
519,empathize,1
520,empathy,1
521,empower,1
522,empowerment,1
523,enchant,1
524,enchanted,1
525,enchanting,1
526,enchantingly,1
527,encourage,1
528,encouragement,1
529,encouraging,1
530,encouragingly,1
531,endear,1
532,endearing,1
533,endorse,1
534,endorsed,1
535,endorsement,1
536,endorses,1
537,endorsing,1
538,energetic,1
539,energize,1
540,energy-efficient,1
541,energy-saving,1
542,engaging,1
543,engrossing,1
544,enhance,1
545,enhanced,1
546,enhancement,1
547,enhances,1
548,enjoy,1
549,enjoyable,1
550,enjoyably,1
551,enjoyed,1
552,enjoying,1
553,enjoyment,1
554,enjoys,1
555,enlighten,1
556,enlightenment,1
557,enliven,1
558,ennoble,1
559,enough,1
560,enrapt,1
561,enrapture,1
562,enraptured,1
563,enrich,1
564,enrichment,1
565,enterprising,1
566,entertain,1
567,entertaining,1
568,entertains,1
569,enthral,1
570,enthrall,1
571,enthralled,1
572,enthuse,1
573,enthusiasm,1
574,enthusiast,1
575,enthusiastic,1
576,enthusiastically,1
577,entice,1
578,enticed,1
579,enticing,1
580,enticingly,1
581,entranced,1
582,entrancing,1
583,entrust,1
584,enviable,1
585,enviably,1
586,envious,1
587,enviously,1
588,enviousness,1
589,envy,1
590,equitable,1
591,ergonomical,1
592,err-free,1
593,erudite,1
594,ethical,1
595,eulogize,1
596,euphoria,1
597,euphoric,1
598,euphorically,1
599,evaluative,1
600,evenly,1
601,eventful,1
602,everlasting,1
603,evocative,1
604,exalt,1
605,exaltation,1
606,exalted,1
607,exaltedly,1
608,exalting,1
609,exaltingly,1
610,examplar,1
611,examplary,1
612,excallent,1
613,exceed,1
614,exceeded,1
615,exceeding,1
616,exceedingly,1
617,exceeds,1
618,excel,1
619,exceled,1
620,excelent,1
621,excellant,1
622,excelled,1
623,excellence,1
624,excellency,1
625,excellent,1
626,excellently,1
627,excels,1
628,exceptional,1
629,exceptionally,1
630,excite,1
631,excited,1
632,excitedly,1
633,excitedness,1
634,excitement,1
635,excites,1
636,exciting,1
637,excitingly,1
638,exellent,1
639,exemplar,1
640,exemplary,1
641,exhilarate,1
642,exhilarating,1
643,exhilaratingly,1
644,exhilaration,1
645,exonerate,1
646,expansive,1
647,expeditiously,1
648,expertly,1
649,exquisite,1
650,exquisitely,1
651,extol,1
652,extoll,1
653,extraordinarily,1
654,extraordinary,1
655,exuberance,1
656,exuberant,1
657,exuberantly,1
658,exult,1
659,exultant,1
660,exultation,1
661,exultingly,1
662,eye-catch,1
663,eye-catching,1
664,eyecatch,1
665,eyecatching,1
666,fabulous,1
667,fabulously,1
668,facilitate,1
669,fair,1
670,fairly,1
671,fairness,1
672,faith,1
673,faithful,1
674,faithfully,1
675,faithfulness,1
676,fame,1
677,famed,1
678,famous,1
679,famously,1
680,fancier,1
681,fancinating,1
682,fancy,1
683,fanfare,1
684,fans,1
685,fantastic,1
686,fantastically,1
687,fascinate,1
688,fascinating,1
689,fascinatingly,1
690,fascination,1
691,fashionable,1
692,fashionably,1
693,fast,1
694,fast-growing,1
695,fast-paced,1
696,faster,1
697,fastest,1
698,fastest-growing,1
699,faultless,1
700,fav,1
701,fave,1
702,favor,1
703,favorable,1
704,favored,1
705,favorite,1
706,favorited,1
707,favour,1
708,fearless,1
709,fearlessly,1
710,feasible,1
711,feasibly,1
712,feat,1
713,feature-rich,1
714,fecilitous,1
715,feisty,1
716,felicitate,1
717,felicitous,1
718,felicity,1
719,fertile,1
720,fervent,1
721,fervently,1
722,fervid,1
723,fervidly,1
724,fervor,1
725,festive,1
726,fidelity,1
727,fiery,1
728,fine,1
729,fine-looking,1
730,finely,1
731,finer,1
732,finest,1
733,firmer,1
734,first-class,1
735,first-in-class,1
736,first-rate,1
737,flashy,1
738,flatter,1
739,flattering,1
740,flatteringly,1
741,flawless,1
742,flawlessly,1
743,flexibility,1
744,flexible,1
745,flourish,1
746,flourishing,1
747,fluent,1
748,flutter,1
749,fond,1
750,fondly,1
751,fondness,1
752,foolproof,1
753,foremost,1
754,foresight,1
755,formidable,1
756,fortitude,1
757,fortuitous,1
758,fortuitously,1
759,fortunate,1
760,fortunately,1
761,fortune,1
762,fragrant,1
763,free,1
764,freed,1
765,freedom,1
766,freedoms,1
767,fresh,1
768,fresher,1
769,freshest,1
770,friendliness,1
771,friendly,1
772,frolic,1
773,frugal,1
774,fruitful,1
775,ftw,1
776,fulfillment,1
777,fun,1
778,futurestic,1
779,futuristic,1
780,gaiety,1
781,gaily,1
782,gain,1
783,gained,1
784,gainful,1
785,gainfully,1
786,gaining,1
787,gains,1
788,gallant,1
789,gallantly,1
790,galore,1
791,geekier,1
792,geeky,1
793,gem,1
794,gems,1
795,generosity,1
796,generous,1
797,generously,1
798,genial,1
799,genius,1
800,gentle,1
801,gentlest,1
802,genuine,1
803,gifted,1
804,glad,1
805,gladden,1
806,gladly,1
807,gladness,1
808,glamorous,1
809,glee,1
810,gleeful,1
811,gleefully,1
812,glimmer,1
813,glimmering,1
814,glisten,1
815,glistening,1
816,glitter,1
817,glitz,1
818,glorify,1
819,glorious,1
820,gloriously,1
821,glory,1
822,glow,1
823,glowing,1
824,glowingly,1
825,god-given,1
826,god-send,1
827,godlike,1
828,godsend,1
829,gold,1
830,golden,1
831,good,1
832,goodly,1
833,goodness,1
834,goodwill,1
835,goood,1
836,gooood,1
837,gorgeous,1
838,gorgeously,1
839,grace,1
840,graceful,1
841,gracefully,1
842,gracious,1
843,graciously,1
844,graciousness,1
845,grand,1
846,grandeur,1
847,grateful,1
848,gratefully,1
849,gratification,1
850,gratified,1
851,gratifies,1
852,gratify,1
853,gratifying,1
854,gratifyingly,1
855,gratitude,1
856,great,1
857,greatest,1
858,greatness,1
859,grin,1
860,groundbreaking,1
861,guarantee,1
862,guidance,1
863,guiltless,1
864,gumption,1
865,gush,1
866,gusto,1
867,gutsy,1
868,hail,1
869,halcyon,1
870,hale,1
871,hallmark,1
872,hallmarks,1
873,hallowed,1
874,handier,1
875,handily,1
876,hands-down,1
877,handsome,1
878,handsomely,1
879,handy,1
880,happier,1
881,happily,1
882,happiness,1
883,happy,1
884,hard-working,1
885,hardier,1
886,hardy,1
887,harmless,1
888,harmonious,1
889,harmoniously,1
890,harmonize,1
891,harmony,1
892,headway,1
893,heal,1
894,healthful,1
895,healthy,1
896,hearten,1
897,heartening,1
898,heartfelt,1
899,heartily,1
900,heartwarming,1
901,heaven,1
902,heavenly,1
903,helped,1
904,helpful,1
905,helping,1
906,hero,1
907,heroic,1
908,heroically,1
909,heroine,1
910,heroize,1
911,heros,1
912,high-quality,1
913,high-spirited,1
914,hilarious,1
915,holy,1
916,homage,1
917,honest,1
918,honesty,1
919,honor,1
920,honorable,1
921,honored,1
922,honoring,1
923,hooray,1
924,hopeful,1
925,hospitable,1
926,hot,1
927,hotcake,1
928,hotcakes,1
929,hottest,1
930,hug,1
931,humane,1
932,humble,1
933,humility,1
934,humor,1
935,humorous,1
936,humorously,1
937,humour,1
938,humourous,1
939,ideal,1
940,idealize,1
941,ideally,1
942,idol,1
943,idolize,1
944,idolized,1
945,idyllic,1
946,illuminate,1
947,illuminati,1
948,illuminating,1
949,illumine,1
950,illustrious,1
951,ilu,1
952,imaculate,1
953,imaginative,1
954,immaculate,1
955,immaculately,1
956,immense,1
957,impartial,1
958,impartiality,1
959,impartially,1
960,impassioned,1
961,impeccable,1
962,impeccably,1
963,important,1
964,impress,1
965,impressed,1
966,impresses,1
967,impressive,1
968,impressively,1
969,impressiveness,1
970,improve,1
971,improved,1
972,improvement,1
973,improvements,1
974,improves,1
975,improving,1
976,incredible,1
977,incredibly,1
978,indebted,1
979,individualized,1
980,indulgence,1
981,indulgent,1
982,industrious,1
983,inestimable,1
984,inestimably,1
985,inexpensive,1
986,infallibility,1
987,infallible,1
988,infallibly,1
989,influential,1
990,ingenious,1
991,ingeniously,1
992,ingenuity,1
993,ingenuous,1
994,ingenuously,1
995,innocuous,1
996,innovation,1
997,innovative,1
998,inpressed,1
999,insightful,1
1000,insightfully,1
1001,inspiration,1
1002,inspirational,1
1003,inspire,1
1004,inspiring,1
1005,instantly,1
1006,instructive,1
1007,instrumental,1
1008,integral,1
1009,integrated,1
1010,intelligence,1
1011,intelligent,1
1012,intelligible,1
1013,interesting,1
1014,interests,1
1015,intimacy,1
1016,intimate,1
1017,intricate,1
1018,intrigue,1
1019,intriguing,1
1020,intriguingly,1
1021,intuitive,1
1022,invaluable,1
1023,invaluablely,1
1024,inventive,1
1025,invigorate,1
1026,invigorating,1
1027,invincibility,1
1028,invincible,1
1029,inviolable,1
1030,inviolate,1
1031,invulnerable,1
1032,irreplaceable,1
1033,irreproachable,1
1034,irresistible,1
1035,irresistibly,1
1036,issue-free,1
1037,jaw-droping,1
1038,jaw-dropping,1
1039,jollify,1
1040,jolly,1
1041,jovial,1
1042,joy,1
1043,joyful,1
1044,joyfully,1
1045,joyous,1
1046,joyously,1
1047,jubilant,1
1048,jubilantly,1
1049,jubilate,1
1050,jubilation,1
1051,jubiliant,1
1052,judicious,1
1053,justly,1
1054,keen,1
1055,keenly,1
1056,keenness,1
1057,kid-friendly,1
1058,kindliness,1
1059,kindly,1
1060,kindness,1
1061,knowledgeable,1
1062,kudos,1
1063,large-capacity,1
1064,laud,1
1065,laudable,1
1066,laudably,1
1067,lavish,1
1068,lavishly,1
1069,law-abiding,1
1070,lawful,1
1071,lawfully,1
1072,lead,1
1073,leading,1
1074,leads,1
1075,lean,1
1076,led,1
1077,legendary,1
1078,leverage,1
1079,levity,1
1080,liberate,1
1081,liberation,1
1082,liberty,1
1083,lifesaver,1
1084,light-hearted,1
1085,lighter,1
1086,likable,1
1087,like,1
1088,liked,1
1089,likes,1
1090,liking,1
1091,lionhearted,1
1092,lively,1
1093,logical,1
1094,long-lasting,1
1095,lovable,1
1096,lovably,1
1097,love,1
1098,loved,1
1099,loveliness,1
1100,lovely,1
1101,lover,1
1102,loves,1
1103,loving,1
1104,low-cost,1
1105,low-price,1
1106,low-priced,1
1107,low-risk,1
1108,lower-priced,1
1109,loyal,1
1110,loyalty,1
1111,lucid,1
1112,lucidly,1
1113,luck,1
1114,luckier,1
1115,luckiest,1
1116,luckiness,1
1117,lucky,1
1118,lucrative,1
1119,luminous,1
1120,lush,1
1121,luster,1
1122,lustrous,1
1123,luxuriant,1
1124,luxuriate,1
1125,luxurious,1
1126,luxuriously,1
1127,luxury,1
1128,lyrical,1
1129,magic,1
1130,magical,1
1131,magnanimous,1
1132,magnanimously,1
1133,magnificence,1
1134,magnificent,1
1135,magnificently,1
1136,majestic,1
1137,majesty,1
1138,manageable,1
1139,maneuverable,1
1140,marvel,1
1141,marveled,1
1142,marvelled,1
1143,marvellous,1
1144,marvelous,1
1145,marvelously,1
1146,marvelousness,1
1147,marvels,1
1148,master,1
1149,masterful,1
1150,masterfully,1
1151,masterpiece,1
1152,masterpieces,1
1153,masters,1
1154,mastery,1
1155,matchless,1
1156,mature,1
1157,maturely,1
1158,maturity,1
1159,meaningful,1
1160,memorable,1
1161,merciful,1
1162,mercifully,1
1163,mercy,1
1164,merit,1
1165,meritorious,1
1166,merrily,1
1167,merriment,1
1168,merriness,1
1169,merry,1
1170,mesmerize,1
1171,mesmerized,1
1172,mesmerizes,1
1173,mesmerizing,1
1174,mesmerizingly,1
1175,meticulous,1
1176,meticulously,1
1177,mightily,1
1178,mighty,1
1179,mind-blowing,1
1180,miracle,1
1181,miracles,1
1182,miraculous,1
1183,miraculously,1
1184,miraculousness,1
1185,modern,1
1186,modest,1
1187,modesty,1
1188,momentous,1
1189,monumental,1
1190,monumentally,1
1191,morality,1
1192,motivated,1
1193,multi-purpose,1
1194,navigable,1
1195,neat,1
1196,neatest,1
1197,neatly,1
1198,nice,1
1199,nicely,1
1200,nicer,1
1201,nicest,1
1202,nifty,1
1203,nimble,1
1204,noble,1
1205,nobly,1
1206,noiseless,1
1207,non-violence,1
1208,non-violent,1
1209,notably,1
1210,noteworthy,1
1211,nourish,1
1212,nourishing,1
1213,nourishment,1
1214,novelty,1
1215,nurturing,1
1216,oasis,1
1217,obsession,1
1218,obsessions,1
1219,obtainable,1
1220,openly,1
1221,openness,1
1222,optimal,1
1223,optimism,1
1224,optimistic,1
1225,opulent,1
1226,orderly,1
1227,originality,1
1228,outdo,1
1229,outdone,1
1230,outperform,1
1231,outperformed,1
1232,outperforming,1
1233,outperforms,1
1234,outshine,1
1235,outshone,1
1236,outsmart,1
1237,outstanding,1
1238,outstandingly,1
1239,outstrip,1
1240,outwit,1
1241,ovation,1
1242,overjoyed,1
1243,overtake,1
1244,overtaken,1
1245,overtakes,1
1246,overtaking,1
1247,overtook,1
1248,overture,1
1249,pain-free,1
1250,painless,1
1251,painlessly,1
1252,palatial,1
1253,pamper,1
1254,pampered,1
1255,pamperedly,1
1256,pamperedness,1
1257,pampers,1
1258,panoramic,1
1259,paradise,1
1260,paramount,1
1261,pardon,1
1262,passion,1
1263,passionate,1
1264,passionately,1
1265,patience,1
1266,patient,1
1267,patiently,1
1268,patriot,1
1269,patriotic,1
1270,peace,1
1271,peaceable,1
1272,peaceful,1
1273,peacefully,1
1274,peacekeepers,1
1275,peach,1
1276,peerless,1
1277,pep,1
1278,pepped,1
1279,pepping,1
1280,peppy,1
1281,peps,1
1282,perfect,1
1283,perfection,1
1284,perfectly,1
1285,permissible,1
1286,perseverance,1
1287,persevere,1
1288,personages,1
1289,personalized,1
1290,phenomenal,1
1291,phenomenally,1
1292,picturesque,1
1293,piety,1
1294,pinnacle,1
1295,playful,1
1296,playfully,1
1297,pleasant,1
1298,pleasantly,1
1299,pleased,1
1300,pleases,1
1301,pleasing,1
1302,pleasingly,1
1303,pleasurable,1
1304,pleasurably,1
1305,pleasure,1
1306,plentiful,1
1307,pluses,1
1308,plush,1
1309,plusses,1
1310,poetic,1
1311,poeticize,1
1312,poignant,1
1313,poise,1
1314,poised,1
1315,polished,1
1316,polite,1
1317,politeness,1
1318,popular,1
1319,portable,1
1320,posh,1
1321,positive,1
1322,positively,1
1323,positives,1
1324,powerful,1
1325,powerfully,1
1326,praise,1
1327,praiseworthy,1
1328,praising,1
1329,pre-eminent,1
1330,precious,1
1331,precise,1
1332,precisely,1
1333,preeminent,1
1334,prefer,1
1335,preferable,1
1336,preferably,1
1337,prefered,1
1338,preferes,1
1339,preferring,1
1340,prefers,1
1341,premier,1
1342,prestige,1
1343,prestigious,1
1344,prettily,1
1345,pretty,1
1346,priceless,1
1347,pride,1
1348,principled,1
1349,privilege,1
1350,privileged,1
1351,prize,1
1352,proactive,1
1353,problem-free,1
1354,problem-solver,1
1355,prodigious,1
1356,prodigiously,1
1357,prodigy,1
1358,productive,1
1359,productively,1
1360,proficient,1
1361,proficiently,1
1362,profound,1
1363,profoundly,1
1364,profuse,1
1365,profusion,1
1366,progress,1
1367,progressive,1
1368,prolific,1
1369,prominence,1
1370,prominent,1
1371,promise,1
1372,promised,1
1373,promises,1
1374,promising,1
1375,promoter,1
1376,prompt,1
1377,promptly,1
1378,proper,1
1379,properly,1
1380,propitious,1
1381,propitiously,1
1382,pros,1
1383,prosper,1
1384,prosperity,1
1385,prosperous,1
1386,prospros,1
1387,protect,1
1388,protection,1
1389,protective,1
1390,proud,1
1391,proven,1
1392,proves,1
1393,providence,1
1394,proving,1
1395,prowess,1
1396,prudence,1
1397,prudent,1
1398,prudently,1
1399,punctual,1
1400,pure,1
1401,purify,1
1402,purposeful,1
1403,quaint,1
1404,qualified,1
1405,qualify,1
1406,quicker,1
1407,quiet,1
1408,quieter,1
1409,radiance,1
1410,radiant,1
1411,rapid,1
1412,rapport,1
1413,rapt,1
1414,rapture,1
1415,raptureous,1
1416,raptureously,1
1417,rapturous,1
1418,rapturously,1
1419,rational,1
1420,razor-sharp,1
1421,reachable,1
1422,readable,1
1423,readily,1
1424,ready,1
1425,reaffirm,1
1426,reaffirmation,1
1427,realistic,1
1428,realizable,1
1429,reasonable,1
1430,reasonably,1
1431,reasoned,1
1432,reassurance,1
1433,reassure,1
1434,receptive,1
1435,reclaim,1
1436,recomend,1
1437,recommend,1
1438,recommendation,1
1439,recommendations,1
1440,recommended,1
1441,reconcile,1
1442,reconciliation,1
1443,record-setting,1
1444,recover,1
1445,recovery,1
1446,rectification,1
1447,rectify,1
1448,rectifying,1
1449,redeem,1
1450,redeeming,1
1451,redemption,1
1452,refine,1
1453,refined,1
1454,refinement,1
1455,reform,1
1456,reformed,1
1457,reforming,1
1458,reforms,1
1459,refresh,1
1460,refreshed,1
1461,refreshing,1
1462,refund,1
1463,refunded,1
1464,regal,1
1465,regally,1
1466,regard,1
1467,rejoice,1
1468,rejoicing,1
1469,rejoicingly,1
1470,rejuvenate,1
1471,rejuvenated,1
1472,rejuvenating,1
1473,relaxed,1
1474,relent,1
1475,reliable,1
1476,reliably,1
1477,relief,1
1478,relish,1
1479,remarkable,1
1480,remarkably,1
1481,remedy,1
1482,remission,1
1483,remunerate,1
1484,renaissance,1
1485,renewed,1
1486,renown,1
1487,renowned,1
1488,replaceable,1
1489,reputable,1
1490,reputation,1
1491,resilient,1
1492,resolute,1
1493,resound,1
1494,resounding,1
1495,resourceful,1
1496,resourcefulness,1
1497,respect,1
1498,respectable,1
1499,respectful,1
1500,respectfully,1
1501,respite,1
1502,resplendent,1
1503,responsibly,1
1504,responsive,1
1505,restful,1
1506,restored,1
1507,restructure,1
1508,restructured,1
1509,restructuring,1
1510,retractable,1
1511,revel,1
1512,revelation,1
1513,revere,1
1514,reverence,1
1515,reverent,1
1516,reverently,1
1517,revitalize,1
1518,revival,1
1519,revive,1
1520,revives,1
1521,revolutionary,1
1522,revolutionize,1
1523,revolutionized,1
1524,revolutionizes,1
1525,reward,1
1526,rewarding,1
1527,rewardingly,1
1528,rich,1
1529,richer,1
1530,richly,1
1531,richness,1
1532,right,1
1533,righten,1
1534,righteous,1
1535,righteously,1
1536,righteousness,1
1537,rightful,1
1538,rightfully,1
1539,rightly,1
1540,rightness,1
1541,risk-free,1
1542,robust,1
1543,rock-star,1
1544,rock-stars,1
1545,rockstar,1
1546,rockstars,1
1547,romantic,1
1548,romantically,1
1549,romanticize,1
1550,roomier,1
1551,roomy,1
1552,rosy,1
1553,safe,1
1554,safely,1
1555,sagacity,1
1556,sagely,1
1557,saint,1
1558,saintliness,1
1559,saintly,1
1560,salutary,1
1561,salute,1
1562,sane,1
1563,satisfactorily,1
1564,satisfactory,1
1565,satisfied,1
1566,satisfies,1
1567,satisfy,1
1568,satisfying,1
1569,satisified,1
1570,saver,1
1571,savings,1
1572,savior,1
1573,savvy,1
1574,scenic,1
1575,seamless,1
1576,seasoned,1
1577,secure,1
1578,securely,1
1579,selective,1
1580,self-determination,1
1581,self-respect,1
1582,self-satisfaction,1
1583,self-sufficiency,1
1584,self-sufficient,1
1585,sensation,1
1586,sensational,1
1587,sensationally,1
1588,sensations,1
1589,sensible,1
1590,sensibly,1
1591,sensitive,1
1592,serene,1
1593,serenity,1
1594,sexy,1
1595,sharp,1
1596,sharper,1
1597,sharpest,1
1598,shimmering,1
1599,shimmeringly,1
1600,shine,1
1601,shiny,1
1602,significant,1
1603,silent,1
1604,simpler,1
1605,simplest,1
1606,simplified,1
1607,simplifies,1
1608,simplify,1
1609,simplifying,1
1610,sincere,1
1611,sincerely,1
1612,sincerity,1
1613,skill,1
1614,skilled,1
1615,skillful,1
1616,skillfully,1
1617,slammin,1
1618,sleek,1
1619,slick,1
1620,smart,1
1621,smarter,1
1622,smartest,1
1623,smartly,1
1624,smile,1
1625,smiles,1
1626,smiling,1
1627,smilingly,1
1628,smitten,1
1629,smooth,1
1630,smoother,1
1631,smoothes,1
1632,smoothest,1
1633,smoothly,1
1634,snappy,1
1635,snazzy,1
1636,sociable,1
1637,soft,1
1638,softer,1
1639,solace,1
1640,solicitous,1
1641,solicitously,1
1642,solid,1
1643,solidarity,1
1644,soothe,1
1645,soothingly,1
1646,sophisticated,1
1647,soulful,1
1648,soundly,1
1649,soundness,1
1650,spacious,1
1651,sparkle,1
1652,sparkling,1
1653,spectacular,1
1654,spectacularly,1
1655,speedily,1
1656,speedy,1
1657,spellbind,1
1658,spellbinding,1
1659,spellbindingly,1
1660,spellbound,1
1661,spirited,1
1662,spiritual,1
1663,splendid,1
1664,splendidly,1
1665,splendor,1
1666,spontaneous,1
1667,sporty,1
1668,spotless,1
1669,sprightly,1
1670,stability,1
1671,stabilize,1
1672,stable,1
1673,stainless,1
1674,standout,1
1675,state-of-the-art,1
1676,stately,1
1677,statuesque,1
1678,staunch,1
1679,staunchly,1
1680,staunchness,1
1681,steadfast,1
1682,steadfastly,1
1683,steadfastness,1
1684,steadiest,1
1685,steadiness,1
1686,steady,1
1687,stellar,1
1688,stellarly,1
1689,stimulate,1
1690,stimulates,1
1691,stimulating,1
1692,stimulative,1
1693,stirringly,1
1694,straighten,1
1695,straightforward,1
1696,streamlined,1
1697,striking,1
1698,strikingly,1
1699,striving,1
1700,strong,1
1701,stronger,1
1702,strongest,1
1703,stunned,1
1704,stunning,1
1705,stunningly,1
1706,stupendous,1
1707,stupendously,1
1708,sturdier,1
1709,sturdy,1
1710,stylish,1
1711,stylishly,1
1712,stylized,1
1713,suave,1
1714,suavely,1
1715,sublime,1
1716,subsidize,1
1717,subsidized,1
1718,subsidizes,1
1719,subsidizing,1
1720,substantive,1
1721,succeed,1
1722,succeeded,1
1723,succeeding,1
1724,succeeds,1
1725,succes,1
1726,success,1
1727,successes,1
1728,successful,1
1729,successfully,1
1730,suffice,1
1731,sufficed,1
1732,suffices,1
1733,sufficient,1
1734,sufficiently,1
1735,suitable,1
1736,sumptuous,1
1737,sumptuously,1
1738,sumptuousness,1
1739,super,1
1740,superb,1
1741,superbly,1
1742,superior,1
1743,superiority,1
1744,supple,1
1745,support,1
1746,supported,1
1747,supporter,1
1748,supporting,1
1749,supportive,1
1750,supports,1
1751,supremacy,1
1752,supreme,1
1753,supremely,1
1754,supurb,1
1755,supurbly,1
1756,surmount,1
1757,surpass,1
1758,surreal,1
1759,survival,1
1760,survivor,1
1761,sustainability,1
1762,sustainable,1
1763,swank,1
1764,swankier,1
1765,swankiest,1
1766,swanky,1
1767,sweeping,1
1768,sweet,1
1769,sweeten,1
1770,sweetheart,1
1771,sweetly,1
1772,sweetness,1
1773,swift,1
1774,swiftness,1
1775,talent,1
1776,talented,1
1777,talents,1
1778,tantalize,1
1779,tantalizing,1
1780,tantalizingly,1
1781,tempt,1
1782,tempting,1
1783,temptingly,1
1784,tenacious,1
1785,tenaciously,1
1786,tenacity,1
1787,tender,1
1788,tenderly,1
1789,terrific,1
1790,terrifically,1
1791,thank,1
1792,thankful,1
1793,thinner,1
1794,thoughtful,1
1795,thoughtfully,1
1796,thoughtfulness,1
1797,thrift,1
1798,thrifty,1
1799,thrill,1
1800,thrilled,1
1801,thrilling,1
1802,thrillingly,1
1803,thrills,1
1804,thrive,1
1805,thriving,1
1806,thumb-up,1
1807,thumbs-up,1
1808,tickle,1
1809,tidy,1
1810,time-honored,1
1811,timely,1
1812,tingle,1
1813,titillate,1
1814,titillating,1
1815,titillatingly,1
1816,togetherness,1
1817,tolerable,1
1818,toll-free,1
1819,top,1
1820,top-notch,1
1821,top-quality,1
1822,topnotch,1
1823,tops,1
1824,tough,1
1825,tougher,1
1826,toughest,1
1827,traction,1
1828,tranquil,1
1829,tranquility,1
1830,transparent,1
1831,treasure,1
1832,tremendously,1
1833,trendy,1
1834,triumph,1
1835,triumphal,1
1836,triumphant,1
1837,triumphantly,1
1838,trivially,1
1839,trophy,1
1840,trouble-free,1
1841,trump,1
1842,trumpet,1
1843,trust,1
1844,trusted,1
1845,trusting,1
1846,trustingly,1
1847,trustworthiness,1
1848,trustworthy,1
1849,trusty,1
1850,truthful,1
1851,truthfully,1
1852,truthfulness,1
1853,twinkly,1
1854,ultra-crisp,1
1855,unabashed,1
1856,unabashedly,1
1857,unaffected,1
1858,unassailable,1
1859,unbeatable,1
1860,unbiased,1
1861,unbound,1
1862,uncomplicated,1
1863,unconditional,1
1864,undamaged,1
1865,undaunted,1
1866,understandable,1
1867,undisputable,1
1868,undisputably,1
1869,undisputed,1
1870,unencumbered,1
1871,unequivocal,1
1872,unequivocally,1
1873,unfazed,1
1874,unfettered,1
1875,unforgettable,1
1876,unity,1
1877,unlimited,1
1878,unmatched,1
1879,unparalleled,1
1880,unquestionable,1
1881,unquestionably,1
1882,unreal,1
1883,unrestricted,1
1884,unrivaled,1
1885,unselfish,1
1886,unwavering,1
1887,upbeat,1
1888,upgradable,1
1889,upgradeable,1
1890,upgraded,1
1891,upheld,1
1892,uphold,1
1893,uplift,1
1894,uplifting,1
1895,upliftingly,1
1896,upliftment,1
1897,upscale,1
1898,usable,1
1899,useable,1
1900,useful,1
1901,user-friendly,1
1902,user-replaceable,1
1903,valiant,1
1904,valiantly,1
1905,valor,1
1906,valuable,1
1907,variety,1
1908,venerate,1
1909,verifiable,1
1910,veritable,1
1911,versatile,1
1912,versatility,1
1913,vibrant,1
1914,vibrantly,1
1915,victorious,1
1916,victory,1
1917,viewable,1
1918,vigilance,1
1919,vigilant,1
1920,virtue,1
1921,virtuous,1
1922,virtuously,1
1923,visionary,1
1924,vivacious,1
1925,vivid,1
1926,vouch,1
1927,vouchsafe,1
1928,warm,1
1929,warmer,1
1930,warmhearted,1
1931,warmly,1
1932,warmth,1
1933,wealthy,1
1934,welcome,1
1935,well,1
1936,well-backlit,1
1937,well-balanced,1
1938,well-behaved,1
1939,well-being,1
1940,well-bred,1
1941,well-connected,1
1942,well-educated,1
1943,well-established,1
1944,well-informed,1
1945,well-intentioned,1
1946,well-known,1
1947,well-made,1
1948,well-managed,1
1949,well-mannered,1
1950,well-positioned,1
1951,well-received,1
1952,well-regarded,1
1953,well-rounded,1
1954,well-run,1
1955,well-wishers,1
1956,wellbeing,1
1957,whoa,1
1958,wholeheartedly,1
1959,wholesome,1
1960,whooa,1
1961,whoooa,1
1962,wieldy,1
1963,willing,1
1964,willingly,1
1965,willingness,1
1966,win,1
1967,windfall,1
1968,winnable,1
1969,winner,1
1970,winners,1
1971,winning,1
1972,wins,1
1973,wisdom,1
1974,wise,1
1975,wisely,1
1976,witty,1
1977,won,1
1978,wonder,1
1979,wonderful,1
1980,wonderfully,1
1981,wonderous,1
1982,wonderously,1
1983,wonders,1
1984,wondrous,1
1985,woo,1
1986,work,1
1987,workable,1
1988,worked,1
1989,works,1
1990,world-famous,1
1991,worth,1
1992,worth-while,1
1993,worthiness,1
1994,worthwhile,1
1995,worthy,1
1996,wow,1
1997,wowed,1
1998,wowing,1
1999,wows,1
2000,yay,1
2001,youthful,1
2002,zeal,1
2003,zenith,1
2004,zest,1
2005,zippy,1
2006,2-faced,0
2007,2-faces,0
2008,abnormal,0
2009,abolish,0
2010,abominable,0
2011,abominably,0
2012,abominate,0
2013,abomination,0
2014,abort,0
2015,aborted,0
2016,aborts,0
2017,abrade,0
2018,abrasive,0
2019,abrupt,0
2020,abruptly,0
2021,abscond,0
2022,absence,0
2023,absent-minded,0
2024,absentee,0
2025,absurd,0
2026,absurdity,0
2027,absurdly,0
2028,absurdness,0
2029,abuse,0
2030,abused,0
2031,abuses,0
2032,abusive,0
2033,abysmal,0
2034,abysmally,0
2035,abyss,0
2036,accidental,0
2037,accost,0
2038,accursed,0
2039,accusation,0
2040,accusations,0
2041,accuse,0
2042,accuses,0
2043,accusing,0
2044,accusingly,0
2045,acerbate,0
2046,acerbic,0
2047,acerbically,0
2048,ache,0
2049,ached,0
2050,aches,0
2051,achey,0
2052,aching,0
2053,acrid,0
2054,acridly,0
2055,acridness,0
2056,acrimonious,0
2057,acrimoniously,0
2058,acrimony,0
2059,adamant,0
2060,adamantly,0
2061,addict,0
2062,addicted,0
2063,addicting,0
2064,addicts,0
2065,admonish,0
2066,admonisher,0
2067,admonishingly,0
2068,admonishment,0
2069,admonition,0
2070,adulterate,0
2071,adulterated,0
2072,adulteration,0
2073,adulterier,0
2074,adversarial,0
2075,adversary,0
2076,adverse,0
2077,adversity,0
2078,afflict,0
2079,affliction,0
2080,afflictive,0
2081,affront,0
2082,afraid,0
2083,aggravate,0
2084,aggravating,0
2085,aggravation,0
2086,aggression,0
2087,aggressive,0
2088,aggressiveness,0
2089,aggressor,0
2090,aggrieve,0
2091,aggrieved,0
2092,aggrivation,0
2093,aghast,0
2094,agonies,0
2095,agonize,0
2096,agonizing,0
2097,agonizingly,0
2098,agony,0
2099,aground,0
2100,ail,0
2101,ailing,0
2102,ailment,0
2103,aimless,0
2104,alarm,0
2105,alarmed,0
2106,alarming,0
2107,alarmingly,0
2108,alienate,0
2109,alienated,0
2110,alienation,0
2111,allegation,0
2112,allegations,0
2113,allege,0
2114,allergic,0
2115,allergies,0
2116,allergy,0
2117,aloof,0
2118,altercation,0
2119,ambiguity,0
2120,ambiguous,0
2121,ambivalence,0
2122,ambivalent,0
2123,ambush,0
2124,amiss,0
2125,amputate,0
2126,anarchism,0
2127,anarchist,0
2128,anarchistic,0
2129,anarchy,0
2130,anemic,0
2131,anger,0
2132,angrily,0
2133,angriness,0
2134,angry,0
2135,anguish,0
2136,animosity,0
2137,annihilate,0
2138,annihilation,0
2139,annoy,0
2140,annoyance,0
2141,annoyances,0
2142,annoyed,0
2143,annoying,0
2144,annoyingly,0
2145,annoys,0
2146,anomalous,0
2147,anomaly,0
2148,antagonism,0
2149,antagonist,0
2150,antagonistic,0
2151,antagonize,0
2152,anti-,0
2153,anti-american,0
2154,anti-israeli,0
2155,anti-occupation,0
2156,anti-proliferation,0
2157,anti-semites,0
2158,anti-social,0
2159,anti-us,0
2160,anti-white,0
2161,antipathy,0
2162,antiquated,0
2163,antithetical,0
2164,anxieties,0
2165,anxiety,0
2166,anxious,0
2167,anxiously,0
2168,anxiousness,0
2169,apathetic,0
2170,apathetically,0
2171,apathy,0
2172,apocalypse,0
2173,apocalyptic,0
2174,apologist,0
2175,apologists,0
2176,appal,0
2177,appall,0
2178,appalled,0
2179,appalling,0
2180,appallingly,0
2181,apprehension,0
2182,apprehensions,0
2183,apprehensive,0
2184,apprehensively,0
2185,arbitrary,0
2186,arcane,0
2187,archaic,0
2188,arduous,0
2189,arduously,0
2190,argumentative,0
2191,arrogance,0
2192,arrogant,0
2193,arrogantly,0
2194,ashamed,0
2195,asinine,0
2196,asininely,0
2197,asinininity,0
2198,askance,0
2199,asperse,0
2200,aspersion,0
2201,aspersions,0
2202,assail,0
2203,assassin,0
2204,assassinate,0
2205,assault,0
2206,assult,0
2207,astray,0
2208,asunder,0
2209,atrocious,0
2210,atrocities,0
2211,atrocity,0
2212,atrophy,0
2213,attack,0
2214,attacks,0
2215,audacious,0
2216,audaciously,0
2217,audaciousness,0
2218,audacity,0
2219,audiciously,0
2220,austere,0
2221,authoritarian,0
2222,autocrat,0
2223,autocratic,0
2224,avalanche,0
2225,avarice,0
2226,avaricious,0
2227,avariciously,0
2228,avenge,0
2229,averse,0
2230,aversion,0
2231,aweful,0
2232,awful,0
2233,awfully,0
2234,awfulness,0
2235,awkward,0
2236,awkwardness,0
2237,ax,0
2238,babble,0
2239,back-logged,0
2240,back-wood,0
2241,back-woods,0
2242,backache,0
2243,backaches,0
2244,backaching,0
2245,backbite,0
2246,backbiting,0
2247,backward,0
2248,backwardness,0
2249,backwood,0
2250,backwoods,0
2251,bad,0
2252,badly,0
2253,baffle,0
2254,baffled,0
2255,bafflement,0
2256,baffling,0
2257,bait,0
2258,balk,0
2259,banal,0
2260,banalize,0
2261,bane,0
2262,banish,0
2263,banishment,0
2264,bankrupt,0
2265,barbarian,0
2266,barbaric,0
2267,barbarically,0
2268,barbarity,0
2269,barbarous,0
2270,barbarously,0
2271,barren,0
2272,baseless,0
2273,bash,0
2274,bashed,0
2275,bashful,0
2276,bashing,0
2277,bastard,0
2278,bastards,0
2279,battered,0
2280,battering,0
2281,batty,0
2282,bearish,0
2283,beastly,0
2284,bedlam,0
2285,bedlamite,0
2286,befoul,0
2287,beg,0
2288,beggar,0
2289,beggarly,0
2290,begging,0
2291,beguile,0
2292,belabor,0
2293,belated,0
2294,beleaguer,0
2295,belie,0
2296,belittle,0
2297,belittled,0
2298,belittling,0
2299,bellicose,0
2300,belligerence,0
2301,belligerent,0
2302,belligerently,0
2303,bemoan,0
2304,bemoaning,0
2305,bemused,0
2306,bent,0
2307,berate,0
2308,bereave,0
2309,bereavement,0
2310,bereft,0
2311,berserk,0
2312,beseech,0
2313,beset,0
2314,besiege,0
2315,besmirch,0
2316,bestial,0
2317,betray,0
2318,betrayal,0
2319,betrayals,0
2320,betrayer,0
2321,betraying,0
2322,betrays,0
2323,bewail,0
2324,beware,0
2325,bewilder,0
2326,bewildered,0
2327,bewildering,0
2328,bewilderingly,0
2329,bewilderment,0
2330,bewitch,0
2331,bias,0
2332,biased,0
2333,biases,0
2334,bicker,0
2335,bickering,0
2336,bid-rigging,0
2337,bigotries,0
2338,bigotry,0
2339,bitch,0
2340,bitchy,0
2341,biting,0
2342,bitingly,0
2343,bitter,0
2344,bitterly,0
2345,bitterness,0
2346,bizarre,0
2347,blab,0
2348,blabber,0
2349,blackmail,0
2350,blah,0
2351,blame,0
2352,blameworthy,0
2353,bland,0
2354,blandish,0
2355,blaspheme,0
2356,blasphemous,0
2357,blasphemy,0
2358,blasted,0
2359,blatant,0
2360,blatantly,0
2361,blather,0
2362,bleak,0
2363,bleakly,0
2364,bleakness,0
2365,bleed,0
2366,bleeding,0
2367,bleeds,0
2368,blemish,0
2369,blind,0
2370,blinding,0
2371,blindingly,0
2372,blindside,0
2373,blister,0
2374,blistering,0
2375,bloated,0
2376,blockage,0
2377,blockhead,0
2378,bloodshed,0
2379,bloodthirsty,0
2380,bloody,0
2381,blotchy,0
2382,blow,0
2383,blunder,0
2384,blundering,0
2385,blunders,0
2386,blunt,0
2387,blur,0
2388,bluring,0
2389,blurred,0
2390,blurring,0
2391,blurry,0
2392,blurs,0
2393,blurt,0
2394,boastful,0
2395,boggle,0
2396,bogus,0
2397,boil,0
2398,boiling,0
2399,boisterous,0
2400,bomb,0
2401,bombard,0
2402,bombardment,0
2403,bombastic,0
2404,bondage,0
2405,bonkers,0
2406,bore,0
2407,bored,0
2408,boredom,0
2409,bores,0
2410,boring,0
2411,botch,0
2412,bother,0
2413,bothered,0
2414,bothering,0
2415,bothers,0
2416,bothersome,0
2417,bowdlerize,0
2418,boycott,0
2419,braggart,0
2420,bragger,0
2421,brainless,0
2422,brainwash,0
2423,brash,0
2424,brashly,0
2425,brashness,0
2426,brat,0
2427,bravado,0
2428,brazen,0
2429,brazenly,0
2430,brazenness,0
2431,breach,0
2432,break,0
2433,break-up,0
2434,break-ups,0
2435,breakdown,0
2436,breaking,0
2437,breaks,0
2438,breakup,0
2439,breakups,0
2440,bribery,0
2441,brimstone,0
2442,bristle,0
2443,brittle,0
2444,broke,0
2445,broken,0
2446,broken-hearted,0
2447,brood,0
2448,browbeat,0
2449,bruise,0
2450,bruised,0
2451,bruises,0
2452,bruising,0
2453,brusque,0
2454,brutal,0
2455,brutalising,0
2456,brutalities,0
2457,brutality,0
2458,brutalize,0
2459,brutalizing,0
2460,brutally,0
2461,brute,0
2462,brutish,0
2463,bs,0
2464,buckle,0
2465,bug,0
2466,bugging,0
2467,buggy,0
2468,bugs,0
2469,bulkier,0
2470,bulkiness,0
2471,bulky,0
2472,bulkyness,0
2473,bull****,0
2474,bull----,0
2475,bullies,0
2476,bullshit,0
2477,bullshyt,0
2478,bully,0
2479,bullying,0
2480,bullyingly,0
2481,bum,0
2482,bump,0
2483,bumped,0
2484,bumping,0
2485,bumpping,0
2486,bumps,0
2487,bumpy,0
2488,bungle,0
2489,bungler,0
2490,bungling,0
2491,bunk,0
2492,burden,0
2493,burdensome,0
2494,burdensomely,0
2495,burn,0
2496,burned,0
2497,burning,0
2498,burns,0
2499,bust,0
2500,busts,0
2501,busybody,0
2502,butcher,0
2503,butchery,0
2504,buzzing,0
2505,byzantine,0
2506,cackle,0
2507,calamities,0
2508,calamitous,0
2509,calamitously,0
2510,calamity,0
2511,callous,0
2512,calumniate,0
2513,calumniation,0
2514,calumnies,0
2515,calumnious,0
2516,calumniously,0
2517,calumny,0
2518,cancer,0
2519,cancerous,0
2520,cannibal,0
2521,cannibalize,0
2522,capitulate,0
2523,capricious,0
2524,capriciously,0
2525,capriciousness,0
2526,capsize,0
2527,careless,0
2528,carelessness,0
2529,caricature,0
2530,carnage,0
2531,carp,0
2532,cartoonish,0
2533,cash-strapped,0
2534,castigate,0
2535,castrated,0
2536,casualty,0
2537,cataclysm,0
2538,cataclysmal,0
2539,cataclysmic,0
2540,cataclysmically,0
2541,catastrophe,0
2542,catastrophes,0
2543,catastrophic,0
2544,catastrophically,0
2545,catastrophies,0
2546,caustic,0
2547,caustically,0
2548,cautionary,0
2549,cave,0
2550,censure,0
2551,chafe,0
2552,chaff,0
2553,chagrin,0
2554,challenging,0
2555,chaos,0
2556,chaotic,0
2557,chasten,0
2558,chastise,0
2559,chastisement,0
2560,chatter,0
2561,chatterbox,0
2562,cheap,0
2563,cheapen,0
2564,cheaply,0
2565,cheat,0
2566,cheated,0
2567,cheater,0
2568,cheating,0
2569,cheats,0
2570,checkered,0
2571,cheerless,0
2572,cheesy,0
2573,chide,0
2574,childish,0
2575,chill,0
2576,chilly,0
2577,chintzy,0
2578,choke,0
2579,choleric,0
2580,choppy,0
2581,chore,0
2582,chronic,0
2583,chunky,0
2584,clamor,0
2585,clamorous,0
2586,clash,0
2587,cliche,0
2588,cliched,0
2589,clique,0
2590,clog,0
2591,clogged,0
2592,clogs,0
2593,cloud,0
2594,clouding,0
2595,cloudy,0
2596,clueless,0
2597,clumsy,0
2598,clunky,0
2599,coarse,0
2600,cocky,0
2601,coerce,0
2602,coercion,0
2603,coercive,0
2604,cold,0
2605,coldly,0
2606,collapse,0
2607,collude,0
2608,collusion,0
2609,combative,0
2610,combust,0
2611,comical,0
2612,commiserate,0
2613,commonplace,0
2614,commotion,0
2615,commotions,0
2616,complacent,0
2617,complain,0
2618,complained,0
2619,complaining,0
2620,complains,0
2621,complaint,0
2622,complaints,0
2623,complex,0
2624,complicated,0
2625,complication,0
2626,complicit,0
2627,compulsion,0
2628,compulsive,0
2629,concede,0
2630,conceded,0
2631,conceit,0
2632,conceited,0
2633,concen,0
2634,concens,0
2635,concern,0
2636,concerned,0
2637,concerns,0
2638,concession,0
2639,concessions,0
2640,condemn,0
2641,condemnable,0
2642,condemnation,0
2643,condemned,0
2644,condemns,0
2645,condescend,0
2646,condescending,0
2647,condescendingly,0
2648,condescension,0
2649,confess,0
2650,confession,0
2651,confessions,0
2652,confined,0
2653,conflict,0
2654,conflicted,0
2655,conflicting,0
2656,conflicts,0
2657,confound,0
2658,confounded,0
2659,confounding,0
2660,confront,0
2661,confrontation,0
2662,confrontational,0
2663,confuse,0
2664,confused,0
2665,confuses,0
2666,confusing,0
2667,confusion,0
2668,confusions,0
2669,congested,0
2670,congestion,0
2671,cons,0
2672,conscons,0
2673,conservative,0
2674,conspicuous,0
2675,conspicuously,0
2676,conspiracies,0
2677,conspiracy,0
2678,conspirator,0
2679,conspiratorial,0
2680,conspire,0
2681,consternation,0
2682,contagious,0
2683,contaminate,0
2684,contaminated,0
2685,contaminates,0
2686,contaminating,0
2687,contamination,0
2688,contempt,0
2689,contemptible,0
2690,contemptuous,0
2691,contemptuously,0
2692,contend,0
2693,contention,0
2694,contentious,0
2695,contort,0
2696,contortions,0
2697,contradict,0
2698,contradiction,0
2699,contradictory,0
2700,contrariness,0
2701,contravene,0
2702,contrive,0
2703,contrived,0
2704,controversial,0
2705,controversy,0
2706,convoluted,0
2707,corrode,0
2708,corrosion,0
2709,corrosions,0
2710,corrosive,0
2711,corrupt,0
2712,corrupted,0
2713,corrupting,0
2714,corruption,0
2715,corrupts,0
2716,corruptted,0
2717,costlier,0
2718,costly,0
2719,counter-productive,0
2720,counterproductive,0
2721,coupists,0
2722,covetous,0
2723,coward,0
2724,cowardly,0
2725,crabby,0
2726,crack,0
2727,cracked,0
2728,cracks,0
2729,craftily,0
2730,craftly,0
2731,crafty,0
2732,cramp,0
2733,cramped,0
2734,cramping,0
2735,cranky,0
2736,crap,0
2737,crappy,0
2738,craps,0
2739,crash,0
2740,crashed,0
2741,crashes,0
2742,crashing,0
2743,crass,0
2744,craven,0
2745,cravenly,0
2746,craze,0
2747,crazily,0
2748,craziness,0
2749,crazy,0
2750,creak,0
2751,creaking,0
2752,creaks,0
2753,credulous,0
2754,creep,0
2755,creeping,0
2756,creeps,0
2757,creepy,0
2758,crept,0
2759,crime,0
2760,criminal,0
2761,cringe,0
2762,cringed,0
2763,cringes,0
2764,cripple,0
2765,crippled,0
2766,cripples,0
2767,crippling,0
2768,crisis,0
2769,critic,0
2770,critical,0
2771,criticism,0
2772,criticisms,0
2773,criticize,0
2774,criticized,0
2775,criticizing,0
2776,critics,0
2777,cronyism,0
2778,crook,0
2779,crooked,0
2780,crooks,0
2781,crowded,0
2782,crowdedness,0
2783,crude,0
2784,cruel,0
2785,crueler,0
2786,cruelest,0
2787,cruelly,0
2788,cruelness,0
2789,cruelties,0
2790,cruelty,0
2791,crumble,0
2792,crumbling,0
2793,crummy,0
2794,crumple,0
2795,crumpled,0
2796,crumples,0
2797,crush,0
2798,crushed,0
2799,crushing,0
2800,cry,0
2801,culpable,0
2802,culprit,0
2803,cumbersome,0
2804,cunt,0
2805,cunts,0
2806,cuplrit,0
2807,curse,0
2808,cursed,0
2809,curses,0
2810,curt,0
2811,cuss,0
2812,cussed,0
2813,cutthroat,0
2814,cynical,0
2815,cynicism,0
2816,d*mn,0
2817,damage,0
2818,damaged,0
2819,damages,0
2820,damaging,0
2821,damn,0
2822,damnable,0
2823,damnably,0
2824,damnation,0
2825,damned,0
2826,damning,0
2827,damper,0
2828,danger,0
2829,dangerous,0
2830,dangerousness,0
2831,dark,0
2832,darken,0
2833,darkened,0
2834,darker,0
2835,darkness,0
2836,dastard,0
2837,dastardly,0
2838,daunt,0
2839,daunting,0
2840,dauntingly,0
2841,dawdle,0
2842,daze,0
2843,dazed,0
2844,dead,0
2845,deadbeat,0
2846,deadlock,0
2847,deadly,0
2848,deadweight,0
2849,deaf,0
2850,dearth,0
2851,death,0
2852,debacle,0
2853,debase,0
2854,debasement,0
2855,debaser,0
2856,debatable,0
2857,debauch,0
2858,debaucher,0
2859,debauchery,0
2860,debilitate,0
2861,debilitating,0
2862,debility,0
2863,debt,0
2864,debts,0
2865,decadence,0
2866,decadent,0
2867,decay,0
2868,decayed,0
2869,deceit,0
2870,deceitful,0
2871,deceitfully,0
2872,deceitfulness,0
2873,deceive,0
2874,deceiver,0
2875,deceivers,0
2876,deceiving,0
2877,deception,0
2878,deceptive,0
2879,deceptively,0
2880,declaim,0
2881,decline,0
2882,declines,0
2883,declining,0
2884,decrement,0
2885,decrepit,0
2886,decrepitude,0
2887,decry,0
2888,defamation,0
2889,defamations,0
2890,defamatory,0
2891,defame,0
2892,defect,0
2893,defective,0
2894,defects,0
2895,defensive,0
2896,defiance,0
2897,defiant,0
2898,defiantly,0
2899,deficiencies,0
2900,deficiency,0
2901,deficient,0
2902,defile,0
2903,defiler,0
2904,deform,0
2905,deformed,0
2906,defrauding,0
2907,defunct,0
2908,defy,0
2909,degenerate,0
2910,degenerately,0
2911,degeneration,0
2912,degradation,0
2913,degrade,0
2914,degrading,0
2915,degradingly,0
2916,dehumanization,0
2917,dehumanize,0
2918,deign,0
2919,deject,0
2920,dejected,0
2921,dejectedly,0
2922,dejection,0
2923,delay,0
2924,delayed,0
2925,delaying,0
2926,delays,0
2927,delinquency,0
2928,delinquent,0
2929,delirious,0
2930,delirium,0
2931,delude,0
2932,deluded,0
2933,deluge,0
2934,delusion,0
2935,delusional,0
2936,delusions,0
2937,demean,0
2938,demeaning,0
2939,demise,0
2940,demolish,0
2941,demolisher,0
2942,demon,0
2943,demonic,0
2944,demonize,0
2945,demonized,0
2946,demonizes,0
2947,demonizing,0
2948,demoralize,0
2949,demoralizing,0
2950,demoralizingly,0
2951,denial,0
2952,denied,0
2953,denies,0
2954,denigrate,0
2955,denounce,0
2956,dense,0
2957,dent,0
2958,dented,0
2959,dents,0
2960,denunciate,0
2961,denunciation,0
2962,denunciations,0
2963,deny,0
2964,denying,0
2965,deplete,0
2966,deplorable,0
2967,deplorably,0
2968,deplore,0
2969,deploring,0
2970,deploringly,0
2971,deprave,0
2972,depraved,0
2973,depravedly,0
2974,deprecate,0
2975,depress,0
2976,depressed,0
2977,depressing,0
2978,depressingly,0
2979,depression,0
2980,depressions,0
2981,deprive,0
2982,deprived,0
2983,deride,0
2984,derision,0
2985,derisive,0
2986,derisively,0
2987,derisiveness,0
2988,derogatory,0
2989,desecrate,0
2990,desert,0
2991,desertion,0
2992,desiccate,0
2993,desiccated,0
2994,desititute,0
2995,desolate,0
2996,desolately,0
2997,desolation,0
2998,despair,0
2999,despairing,0
3000,despairingly,0
3001,desperate,0
3002,desperately,0
3003,desperation,0
3004,despicable,0
3005,despicably,0
3006,despise,0
3007,despised,0
3008,despoil,0
3009,despoiler,0
3010,despondence,0
3011,despondency,0
3012,despondent,0
3013,despondently,0
3014,despot,0
3015,despotic,0
3016,despotism,0
3017,destabilisation,0
3018,destains,0
3019,destitute,0
3020,destitution,0
3021,destroy,0
3022,destroyer,0
3023,destruction,0
3024,destructive,0
3025,desultory,0
3026,deter,0
3027,deteriorate,0
3028,deteriorating,0
3029,deterioration,0
3030,deterrent,0
3031,detest,0
3032,detestable,0
3033,detestably,0
3034,detested,0
3035,detesting,0
3036,detests,0
3037,detract,0
3038,detracted,0
3039,detracting,0
3040,detraction,0
3041,detracts,0
3042,detriment,0
3043,detrimental,0
3044,devastate,0
3045,devastated,0
3046,devastates,0
3047,devastating,0
3048,devastatingly,0
3049,devastation,0
3050,deviate,0
3051,deviation,0
3052,devil,0
3053,devilish,0
3054,devilishly,0
3055,devilment,0
3056,devilry,0
3057,devious,0
3058,deviously,0
3059,deviousness,0
3060,devoid,0
3061,diabolic,0
3062,diabolical,0
3063,diabolically,0
3064,diametrically,0
3065,diappointed,0
3066,diatribe,0
3067,diatribes,0
3068,dick,0
3069,dictator,0
3070,dictatorial,0
3071,die,0
3072,die-hard,0
3073,died,0
3074,dies,0
3075,difficult,0
3076,difficulties,0
3077,difficulty,0
3078,diffidence,0
3079,dilapidated,0
3080,dilemma,0
3081,dilly-dally,0
3082,dim,0
3083,dimmer,0
3084,din,0
3085,ding,0
3086,dings,0
3087,dinky,0
3088,dire,0
3089,direly,0
3090,direness,0
3091,dirt,0
3092,dirtbag,0
3093,dirtbags,0
3094,dirts,0
3095,dirty,0
3096,disable,0
3097,disabled,0
3098,disaccord,0
3099,disadvantage,0
3100,disadvantaged,0
3101,disadvantageous,0
3102,disadvantages,0
3103,disaffect,0
3104,disaffected,0
3105,disaffirm,0
3106,disagree,0
3107,disagreeable,0
3108,disagreeably,0
3109,disagreed,0
3110,disagreeing,0
3111,disagreement,0
3112,disagrees,0
3113,disallow,0
3114,disapointed,0
3115,disapointing,0
3116,disapointment,0
3117,disappoint,0
3118,disappointed,0
3119,disappointing,0
3120,disappointingly,0
3121,disappointment,0
3122,disappointments,0
3123,disappoints,0
3124,disapprobation,0
3125,disapproval,0
3126,disapprove,0
3127,disapproving,0
3128,disarm,0
3129,disarray,0
3130,disaster,0
3131,disasterous,0
3132,disastrous,0
3133,disastrously,0
3134,disavow,0
3135,disavowal,0
3136,disbelief,0
3137,disbelieve,0
3138,disbeliever,0
3139,disclaim,0
3140,discombobulate,0
3141,discomfit,0
3142,discomfititure,0
3143,discomfort,0
3144,discompose,0
3145,disconcert,0
3146,disconcerted,0
3147,disconcerting,0
3148,disconcertingly,0
3149,disconsolate,0
3150,disconsolately,0
3151,disconsolation,0
3152,discontent,0
3153,discontented,0
3154,discontentedly,0
3155,discontinued,0
3156,discontinuity,0
3157,discontinuous,0
3158,discord,0
3159,discordance,0
3160,discordant,0
3161,discountenance,0
3162,discourage,0
3163,discouragement,0
3164,discouraging,0
3165,discouragingly,0
3166,discourteous,0
3167,discourteously,0
3168,discoutinous,0
3169,discredit,0
3170,discrepant,0
3171,discriminate,0
3172,discrimination,0
3173,discriminatory,0
3174,disdain,0
3175,disdained,0
3176,disdainful,0
3177,disdainfully,0
3178,disfavor,0
3179,disgrace,0
3180,disgraced,0
3181,disgraceful,0
3182,disgracefully,0
3183,disgruntle,0
3184,disgruntled,0
3185,disgust,0
3186,disgusted,0
3187,disgustedly,0
3188,disgustful,0
3189,disgustfully,0
3190,disgusting,0
3191,disgustingly,0
3192,dishearten,0
3193,disheartening,0
3194,dishearteningly,0
3195,dishonest,0
3196,dishonestly,0
3197,dishonesty,0
3198,dishonor,0
3199,dishonorable,0
3200,dishonorablely,0
3201,disillusion,0
3202,disillusioned,0
3203,disillusionment,0
3204,disillusions,0
3205,disinclination,0
3206,disinclined,0
3207,disingenuous,0
3208,disingenuously,0
3209,disintegrate,0
3210,disintegrated,0
3211,disintegrates,0
3212,disintegration,0
3213,disinterest,0
3214,disinterested,0
3215,dislike,0
3216,disliked,0
3217,dislikes,0
3218,disliking,0
3219,dislocated,0
3220,disloyal,0
3221,disloyalty,0
3222,dismal,0
3223,dismally,0
3224,dismalness,0
3225,dismay,0
3226,dismayed,0
3227,dismaying,0
3228,dismayingly,0
3229,dismissive,0
3230,dismissively,0
3231,disobedience,0
3232,disobedient,0
3233,disobey,0
3234,disoobedient,0
3235,disorder,0
3236,disordered,0
3237,disorderly,0
3238,disorganized,0
3239,disorient,0
3240,disoriented,0
3241,disown,0
3242,disparage,0
3243,disparaging,0
3244,disparagingly,0
3245,dispensable,0
3246,dispirit,0
3247,dispirited,0
3248,dispiritedly,0
3249,dispiriting,0
3250,displace,0
3251,displaced,0
3252,displease,0
3253,displeased,0
3254,displeasing,0
3255,displeasure,0
3256,disproportionate,0
3257,disprove,0
3258,disputable,0
3259,dispute,0
3260,disputed,0
3261,disquiet,0
3262,disquieting,0
3263,disquietingly,0
3264,disquietude,0
3265,disregard,0
3266,disregardful,0
3267,disreputable,0
3268,disrepute,0
3269,disrespect,0
3270,disrespectable,0
3271,disrespectablity,0
3272,disrespectful,0
3273,disrespectfully,0
3274,disrespectfulness,0
3275,disrespecting,0
3276,disrupt,0
3277,disruption,0
3278,disruptive,0
3279,diss,0
3280,dissapointed,0
3281,dissappointed,0
3282,dissappointing,0
3283,dissatisfaction,0
3284,dissatisfactory,0
3285,dissatisfied,0
3286,dissatisfies,0
3287,dissatisfy,0
3288,dissatisfying,0
3289,dissed,0
3290,dissemble,0
3291,dissembler,0
3292,dissension,0
3293,dissent,0
3294,dissenter,0
3295,dissention,0
3296,disservice,0
3297,disses,0
3298,dissidence,0
3299,dissident,0
3300,dissidents,0
3301,dissing,0
3302,dissocial,0
3303,dissolute,0
3304,dissolution,0
3305,dissonance,0
3306,dissonant,0
3307,dissonantly,0
3308,dissuade,0
3309,dissuasive,0
3310,distains,0
3311,distaste,0
3312,distasteful,0
3313,distastefully,0
3314,distort,0
3315,distorted,0
3316,distortion,0
3317,distorts,0
3318,distract,0
3319,distracting,0
3320,distraction,0
3321,distraught,0
3322,distraughtly,0
3323,distraughtness,0
3324,distress,0
3325,distressed,0
3326,distressing,0
3327,distressingly,0
3328,distrust,0
3329,distrustful,0
3330,distrusting,0
3331,disturb,0
3332,disturbance,0
3333,disturbed,0
3334,disturbing,0
3335,disturbingly,0
3336,disunity,0
3337,disvalue,0
3338,divergent,0
3339,divisive,0
3340,divisively,0
3341,divisiveness,0
3342,dizzing,0
3343,dizzingly,0
3344,dizzy,0
3345,doddering,0
3346,dodgey,0
3347,dogged,0
3348,doggedly,0
3349,dogmatic,0
3350,doldrums,0
3351,domineer,0
3352,domineering,0
3353,donside,0
3354,doom,0
3355,doomed,0
3356,doomsday,0
3357,dope,0
3358,doubt,0
3359,doubtful,0
3360,doubtfully,0
3361,doubts,0
3362,douchbag,0
3363,douchebag,0
3364,douchebags,0
3365,downbeat,0
3366,downcast,0
3367,downer,0
3368,downfall,0
3369,downfallen,0
3370,downgrade,0
3371,downhearted,0
3372,downheartedly,0
3373,downhill,0
3374,downside,0
3375,downsides,0
3376,downturn,0
3377,downturns,0
3378,drab,0
3379,draconian,0
3380,draconic,0
3381,drag,0
3382,dragged,0
3383,dragging,0
3384,dragoon,0
3385,drags,0
3386,drain,0
3387,drained,0
3388,draining,0
3389,drains,0
3390,drastic,0
3391,drastically,0
3392,drawback,0
3393,drawbacks,0
3394,dread,0
3395,dreadful,0
3396,dreadfully,0
3397,dreadfulness,0
3398,dreary,0
3399,dripped,0
3400,dripping,0
3401,drippy,0
3402,drips,0
3403,drones,0
3404,droop,0
3405,droops,0
3406,drop-out,0
3407,drop-outs,0
3408,dropout,0
3409,dropouts,0
3410,drought,0
3411,drowning,0
3412,drunk,0
3413,drunkard,0
3414,drunken,0
3415,dubious,0
3416,dubiously,0
3417,dubitable,0
3418,dud,0
3419,dull,0
3420,dullard,0
3421,dumb,0
3422,dumbfound,0
3423,dump,0
3424,dumped,0
3425,dumping,0
3426,dumps,0
3427,dunce,0
3428,dungeon,0
3429,dungeons,0
3430,dupe,0
3431,dust,0
3432,dusty,0
3433,dwindling,0
3434,dying,0
3435,earsplitting,0
3436,eccentric,0
3437,eccentricity,0
3438,effigy,0
3439,effrontery,0
3440,egocentric,0
3441,egomania,0
3442,egotism,0
3443,egotistical,0
3444,egotistically,0
3445,egregious,0
3446,egregiously,0
3447,election-rigger,0
3448,elimination,0
3449,emaciated,0
3450,emasculate,0
3451,embarrass,0
3452,embarrassing,0
3453,embarrassingly,0
3454,embarrassment,0
3455,embattled,0
3456,embroil,0
3457,embroiled,0
3458,embroilment,0
3459,emergency,0
3460,emphatic,0
3461,emphatically,0
3462,emptiness,0
3463,encroach,0
3464,encroachment,0
3465,endanger,0
3466,enemies,0
3467,enemy,0
3468,enervate,0
3469,enfeeble,0
3470,enflame,0
3471,engulf,0
3472,enjoin,0
3473,enmity,0
3474,enrage,0
3475,enraged,0
3476,enraging,0
3477,enslave,0
3478,entangle,0
3479,entanglement,0
3480,entrap,0
3481,entrapment,0
3482,envious,0
3483,enviously,0
3484,enviousness,0
3485,epidemic,0
3486,equivocal,0
3487,erase,0
3488,erode,0
3489,erodes,0
3490,erosion,0
3491,err,0
3492,errant,0
3493,erratic,0
3494,erratically,0
3495,erroneous,0
3496,erroneously,0
3497,error,0
3498,errors,0
3499,eruptions,0
3500,escapade,0
3501,eschew,0
3502,estranged,0
3503,evade,0
3504,evasion,0
3505,evasive,0
3506,evil,0
3507,evildoer,0
3508,evils,0
3509,eviscerate,0
3510,exacerbate,0
3511,exagerate,0
3512,exagerated,0
3513,exagerates,0
3514,exaggerate,0
3515,exaggeration,0
3516,exasperate,0
3517,exasperated,0
3518,exasperating,0
3519,exasperatingly,0
3520,exasperation,0
3521,excessive,0
3522,excessively,0
3523,exclusion,0
3524,excoriate,0
3525,excruciating,0
3526,excruciatingly,0
3527,excuse,0
3528,excuses,0
3529,execrate,0
3530,exhaust,0
3531,exhausted,0
3532,exhaustion,0
3533,exhausts,0
3534,exhorbitant,0
3535,exhort,0
3536,exile,0
3537,exorbitant,0
3538,exorbitantance,0
3539,exorbitantly,0
3540,expel,0
3541,expensive,0
3542,expire,0
3543,expired,0
3544,explode,0
3545,exploit,0
3546,exploitation,0
3547,explosive,0
3548,expropriate,0
3549,expropriation,0
3550,expulse,0
3551,expunge,0
3552,exterminate,0
3553,extermination,0
3554,extinguish,0
3555,extort,0
3556,extortion,0
3557,extraneous,0
3558,extravagance,0
3559,extravagant,0
3560,extravagantly,0
3561,extremism,0
3562,extremist,0
3563,extremists,0
3564,eyesore,0
3565,f**k,0
3566,fabricate,0
3567,fabrication,0
3568,facetious,0
3569,facetiously,0
3570,fail,0
3571,failed,0
3572,failing,0
3573,fails,0
3574,failure,0
3575,failures,0
3576,faint,0
3577,fainthearted,0
3578,faithless,0
3579,fake,0
3580,fall,0
3581,fallacies,0
3582,fallacious,0
3583,fallaciously,0
3584,fallaciousness,0
3585,fallacy,0
3586,fallen,0
3587,falling,0
3588,fallout,0
3589,falls,0
3590,false,0
3591,falsehood,0
3592,falsely,0
3593,falsify,0
3594,falter,0
3595,faltered,0
3596,famine,0
3597,famished,0
3598,fanatic,0
3599,fanatical,0
3600,fanatically,0
3601,fanaticism,0
3602,fanatics,0
3603,fanciful,0
3604,far-fetched,0
3605,farce,0
3606,farcical,0
3607,farcical-yet-provocative,0
3608,farcically,0
3609,farfetched,0
3610,fascism,0
3611,fascist,0
3612,fastidious,0
3613,fastidiously,0
3614,fastuous,0
3615,fat,0
3616,fat-cat,0
3617,fat-cats,0
3618,fatal,0
3619,fatalistic,0
3620,fatalistically,0
3621,fatally,0
3622,fatcat,0
3623,fatcats,0
3624,fateful,0
3625,fatefully,0
3626,fathomless,0
3627,fatigue,0
3628,fatigued,0
3629,fatique,0
3630,fatty,0
3631,fatuity,0
3632,fatuous,0
3633,fatuously,0
3634,fault,0
3635,faults,0
3636,faulty,0
3637,fawningly,0
3638,faze,0
3639,fear,0
3640,fearful,0
3641,fearfully,0
3642,fears,0
3643,fearsome,0
3644,feckless,0
3645,feeble,0
3646,feeblely,0
3647,feebleminded,0
3648,feign,0
3649,feint,0
3650,fell,0
3651,felon,0
3652,felonious,0
3653,ferociously,0
3654,ferocity,0
3655,fetid,0
3656,fever,0
3657,feverish,0
3658,fevers,0
3659,fiasco,0
3660,fib,0
3661,fibber,0
3662,fickle,0
3663,fiction,0
3664,fictional,0
3665,fictitious,0
3666,fidget,0
3667,fidgety,0
3668,fiend,0
3669,fiendish,0
3670,fierce,0
3671,figurehead,0
3672,filth,0
3673,filthy,0
3674,finagle,0
3675,finicky,0
3676,fissures,0
3677,fist,0
3678,flabbergast,0
3679,flabbergasted,0
3680,flagging,0
3681,flagrant,0
3682,flagrantly,0
3683,flair,0
3684,flairs,0
3685,flak,0
3686,flake,0
3687,flakey,0
3688,flakieness,0
3689,flaking,0
3690,flaky,0
3691,flare,0
3692,flares,0
3693,flareup,0
3694,flareups,0
3695,flat-out,0
3696,flaunt,0
3697,flaw,0
3698,flawed,0
3699,flaws,0
3700,flee,0
3701,fleed,0
3702,fleeing,0
3703,fleer,0
3704,flees,0
3705,fleeting,0
3706,flicering,0
3707,flicker,0
3708,flickering,0
3709,flickers,0
3710,flighty,0
3711,flimflam,0
3712,flimsy,0
3713,flirt,0
3714,flirty,0
3715,floored,0
3716,flounder,0
3717,floundering,0
3718,flout,0
3719,fluster,0
3720,foe,0
3721,fool,0
3722,fooled,0
3723,foolhardy,0
3724,foolish,0
3725,foolishly,0
3726,foolishness,0
3727,forbid,0
3728,forbidden,0
3729,forbidding,0
3730,forceful,0
3731,foreboding,0
3732,forebodingly,0
3733,forfeit,0
3734,forged,0
3735,forgetful,0
3736,forgetfully,0
3737,forgetfulness,0
3738,forlorn,0
3739,forlornly,0
3740,forsake,0
3741,forsaken,0
3742,forswear,0
3743,foul,0
3744,foully,0
3745,foulness,0
3746,fractious,0
3747,fractiously,0
3748,fracture,0
3749,fragile,0
3750,fragmented,0
3751,frail,0
3752,frantic,0
3753,frantically,0
3754,franticly,0
3755,fraud,0
3756,fraudulent,0
3757,fraught,0
3758,frazzle,0
3759,frazzled,0
3760,freak,0
3761,freaking,0
3762,freakish,0
3763,freakishly,0
3764,freaks,0
3765,freeze,0
3766,freezes,0
3767,freezing,0
3768,frenetic,0
3769,frenetically,0
3770,frenzied,0
3771,frenzy,0
3772,fret,0
3773,fretful,0
3774,frets,0
3775,friction,0
3776,frictions,0
3777,fried,0
3778,friggin,0
3779,frigging,0
3780,fright,0
3781,frighten,0
3782,frightening,0
3783,frighteningly,0
3784,frightful,0
3785,frightfully,0
3786,frigid,0
3787,frost,0
3788,frown,0
3789,froze,0
3790,frozen,0
3791,fruitless,0
3792,fruitlessly,0
3793,frustrate,0
3794,frustrated,0
3795,frustrates,0
3796,frustrating,0
3797,frustratingly,0
3798,frustration,0
3799,frustrations,0
3800,fuck,0
3801,fucking,0
3802,fudge,0
3803,fugitive,0
3804,full-blown,0
3805,fulminate,0
3806,fumble,0
3807,fume,0
3808,fumes,0
3809,fundamentalism,0
3810,funky,0
3811,funnily,0
3812,funny,0
3813,furious,0
3814,furiously,0
3815,furor,0
3816,fury,0
3817,fuss,0
3818,fussy,0
3819,fustigate,0
3820,fusty,0
3821,futile,0
3822,futilely,0
3823,futility,0
3824,fuzzy,0
3825,gabble,0
3826,gaff,0
3827,gaffe,0
3828,gainsay,0
3829,gainsayer,0
3830,gall,0
3831,galling,0
3832,gallingly,0
3833,galls,0
3834,gangster,0
3835,gape,0
3836,garbage,0
3837,garish,0
3838,gasp,0
3839,gauche,0
3840,gaudy,0
3841,gawk,0
3842,gawky,0
3843,geezer,0
3844,genocide,0
3845,get-rich,0
3846,ghastly,0
3847,ghetto,0
3848,ghosting,0
3849,gibber,0
3850,gibberish,0
3851,gibe,0
3852,giddy,0
3853,gimmick,0
3854,gimmicked,0
3855,gimmicking,0
3856,gimmicks,0
3857,gimmicky,0
3858,glare,0
3859,glaringly,0
3860,glib,0
3861,glibly,0
3862,glitch,0
3863,glitches,0
3864,gloatingly,0
3865,gloom,0
3866,gloomy,0
3867,glower,0
3868,glum,0
3869,glut,0
3870,gnawing,0
3871,goad,0
3872,goading,0
3873,god-awful,0
3874,goof,0
3875,goofy,0
3876,goon,0
3877,gossip,0
3878,graceless,0
3879,gracelessly,0
3880,graft,0
3881,grainy,0
3882,grapple,0
3883,grate,0
3884,grating,0
3885,gravely,0
3886,greasy,0
3887,greed,0
3888,greedy,0
3889,grief,0
3890,grievance,0
3891,grievances,0
3892,grieve,0
3893,grieving,0
3894,grievous,0
3895,grievously,0
3896,grim,0
3897,grimace,0
3898,grind,0
3899,gripe,0
3900,gripes,0
3901,grisly,0
3902,gritty,0
3903,gross,0
3904,grossly,0
3905,grotesque,0
3906,grouch,0
3907,grouchy,0
3908,groundless,0
3909,grouse,0
3910,growl,0
3911,grudge,0
3912,grudges,0
3913,grudging,0
3914,grudgingly,0
3915,gruesome,0
3916,gruesomely,0
3917,gruff,0
3918,grumble,0
3919,grumpier,0
3920,grumpiest,0
3921,grumpily,0
3922,grumpish,0
3923,grumpy,0
3924,guile,0
3925,guilt,0
3926,guiltily,0
3927,guilty,0
3928,gullible,0
3929,gutless,0
3930,gutter,0
3931,hack,0
3932,hacks,0
3933,haggard,0
3934,haggle,0
3935,hairloss,0
3936,halfhearted,0
3937,halfheartedly,0
3938,hallucinate,0
3939,hallucination,0
3940,hamper,0
3941,hampered,0
3942,handicapped,0
3943,hang,0
3944,hangs,0
3945,haphazard,0
3946,hapless,0
3947,harangue,0
3948,harass,0
3949,harassed,0
3950,harasses,0
3951,harassment,0
3952,harboring,0
3953,harbors,0
3954,hard,0
3955,hard-hit,0
3956,hard-line,0
3957,hard-liner,0
3958,hardball,0
3959,harden,0
3960,hardened,0
3961,hardheaded,0
3962,hardhearted,0
3963,hardliner,0
3964,hardliners,0
3965,hardship,0
3966,hardships,0
3967,harm,0
3968,harmed,0
3969,harmful,0
3970,harms,0
3971,harpy,0
3972,harridan,0
3973,harried,0
3974,harrow,0
3975,harsh,0
3976,harshly,0
3977,hasseling,0
3978,hassle,0
3979,hassled,0
3980,hassles,0
3981,haste,0
3982,hastily,0
3983,hasty,0
3984,hate,0
3985,hated,0
3986,hateful,0
3987,hatefully,0
3988,hatefulness,0
3989,hater,0
3990,haters,0
3991,hates,0
3992,hating,0
3993,hatred,0
3994,haughtily,0
3995,haughty,0
3996,haunt,0
3997,haunting,0
3998,havoc,0
3999,hawkish,0
4000,haywire,0
4001,hazard,0
4002,hazardous,0
4003,haze,0
4004,hazy,0
4005,head-aches,0
4006,headache,0
4007,headaches,0
4008,heartbreaker,0
4009,heartbreaking,0
4010,heartbreakingly,0
4011,heartless,0
4012,heathen,0
4013,heavy-handed,0
4014,heavyhearted,0
4015,heck,0
4016,heckle,0
4017,heckled,0
4018,heckles,0
4019,hectic,0
4020,hedge,0
4021,hedonistic,0
4022,heedless,0
4023,hefty,0
4024,hegemonism,0
4025,hegemonistic,0
4026,hegemony,0
4027,heinous,0
4028,hell,0
4029,hell-bent,0
4030,hellion,0
4031,hells,0
4032,helpless,0
4033,helplessly,0
4034,helplessness,0
4035,heresy,0
4036,heretic,0
4037,heretical,0
4038,hesitant,0
4039,hestitant,0
4040,hideous,0
4041,hideously,0
4042,hideousness,0
4043,high-priced,0
4044,hiliarious,0
4045,hinder,0
4046,hindrance,0
4047,hiss,0
4048,hissed,0
4049,hissing,0
4050,ho-hum,0
4051,hoard,0
4052,hoax,0
4053,hobble,0
4054,hogs,0
4055,hollow,0
4056,hoodium,0
4057,hoodwink,0
4058,hooligan,0
4059,hopeless,0
4060,hopelessly,0
4061,hopelessness,0
4062,horde,0
4063,horrendous,0
4064,horrendously,0
4065,horrible,0
4066,horrid,0
4067,horrific,0
4068,horrified,0
4069,horrifies,0
4070,horrify,0
4071,horrifying,0
4072,horrifys,0
4073,hostage,0
4074,hostile,0
4075,hostilities,0
4076,hostility,0
4077,hotbeds,0
4078,hothead,0
4079,hotheaded,0
4080,hothouse,0
4081,hubris,0
4082,huckster,0
4083,hum,0
4084,humid,0
4085,humiliate,0
4086,humiliating,0
4087,humiliation,0
4088,humming,0
4089,hung,0
4090,hurt,0
4091,hurted,0
4092,hurtful,0
4093,hurting,0
4094,hurts,0
4095,hustler,0
4096,hype,0
4097,hypocricy,0
4098,hypocrisy,0
4099,hypocrite,0
4100,hypocrites,0
4101,hypocritical,0
4102,hypocritically,0
4103,hysteria,0
4104,hysteric,0
4105,hysterical,0
4106,hysterically,0
4107,hysterics,0
4108,idiocies,0
4109,idiocy,0
4110,idiot,0
4111,idiotic,0
4112,idiotically,0
4113,idiots,0
4114,idle,0
4115,ignoble,0
4116,ignominious,0
4117,ignominiously,0
4118,ignominy,0
4119,ignorance,0
4120,ignorant,0
4121,ignore,0
4122,ill-advised,0
4123,ill-conceived,0
4124,ill-defined,0
4125,ill-designed,0
4126,ill-fated,0
4127,ill-favored,0
4128,ill-formed,0
4129,ill-mannered,0
4130,ill-natured,0
4131,ill-sorted,0
4132,ill-tempered,0
4133,ill-treated,0
4134,ill-treatment,0
4135,ill-usage,0
4136,ill-used,0
4137,illegal,0
4138,illegally,0
4139,illegitimate,0
4140,illicit,0
4141,illiterate,0
4142,illness,0
4143,illogic,0
4144,illogical,0
4145,illogically,0
4146,illusion,0
4147,illusions,0
4148,illusory,0
4149,imaginary,0
4150,imbalance,0
4151,imbecile,0
4152,imbroglio,0
4153,immaterial,0
4154,immature,0
4155,imminence,0
4156,imminently,0
4157,immobilized,0
4158,immoderate,0
4159,immoderately,0
4160,immodest,0
4161,immoral,0
4162,immorality,0
4163,immorally,0
4164,immovable,0
4165,impair,0
4166,impaired,0
4167,impasse,0
4168,impatience,0
4169,impatient,0
4170,impatiently,0
4171,impeach,0
4172,impedance,0
4173,impede,0
4174,impediment,0
4175,impending,0
4176,impenitent,0
4177,imperfect,0
4178,imperfection,0
4179,imperfections,0
4180,imperfectly,0
4181,imperialist,0
4182,imperil,0
4183,imperious,0
4184,imperiously,0
4185,impermissible,0
4186,impersonal,0
4187,impertinent,0
4188,impetuous,0
4189,impetuously,0
4190,impiety,0
4191,impinge,0
4192,impious,0
4193,implacable,0
4194,implausible,0
4195,implausibly,0
4196,implicate,0
4197,implication,0
4198,implode,0
4199,impolite,0
4200,impolitely,0
4201,impolitic,0
4202,importunate,0
4203,importune,0
4204,impose,0
4205,imposers,0
4206,imposing,0
4207,imposition,0
4208,impossible,0
4209,impossiblity,0
4210,impossibly,0
4211,impotent,0
4212,impoverish,0
4213,impoverished,0
4214,impractical,0
4215,imprecate,0
4216,imprecise,0
4217,imprecisely,0
4218,imprecision,0
4219,imprison,0
4220,imprisonment,0
4221,improbability,0
4222,improbable,0
4223,improbably,0
4224,improper,0
4225,improperly,0
4226,impropriety,0
4227,imprudence,0
4228,imprudent,0
4229,impudence,0
4230,impudent,0
4231,impudently,0
4232,impugn,0
4233,impulsive,0
4234,impulsively,0
4235,impunity,0
4236,impure,0
4237,impurity,0
4238,inability,0
4239,inaccuracies,0
4240,inaccuracy,0
4241,inaccurate,0
4242,inaccurately,0
4243,inaction,0
4244,inactive,0
4245,inadequacy,0
4246,inadequate,0
4247,inadequately,0
4248,inadverent,0
4249,inadverently,0
4250,inadvisable,0
4251,inadvisably,0
4252,inane,0
4253,inanely,0
4254,inappropriate,0
4255,inappropriately,0
4256,inapt,0
4257,inaptitude,0
4258,inarticulate,0
4259,inattentive,0
4260,inaudible,0
4261,incapable,0
4262,incapably,0
4263,incautious,0
4264,incendiary,0
4265,incense,0
4266,incessant,0
4267,incessantly,0
4268,incite,0
4269,incitement,0
4270,incivility,0
4271,inclement,0
4272,incognizant,0
4273,incoherence,0
4274,incoherent,0
4275,incoherently,0
4276,incommensurate,0
4277,incomparable,0
4278,incomparably,0
4279,incompatability,0
4280,incompatibility,0
4281,incompatible,0
4282,incompetence,0
4283,incompetent,0
4284,incompetently,0
4285,incomplete,0
4286,incompliant,0
4287,incomprehensible,0
4288,incomprehension,0
4289,inconceivable,0
4290,inconceivably,0
4291,incongruous,0
4292,incongruously,0
4293,inconsequent,0
4294,inconsequential,0
4295,inconsequentially,0
4296,inconsequently,0
4297,inconsiderate,0
4298,inconsiderately,0
4299,inconsistence,0
4300,inconsistencies,0
4301,inconsistency,0
4302,inconsistent,0
4303,inconsolable,0
4304,inconsolably,0
4305,inconstant,0
4306,inconvenience,0
4307,inconveniently,0
4308,incorrect,0
4309,incorrectly,0
4310,incorrigible,0
4311,incorrigibly,0
4312,incredulous,0
4313,incredulously,0
4314,inculcate,0
4315,indecency,0
4316,indecent,0
4317,indecently,0
4318,indecision,0
4319,indecisive,0
4320,indecisively,0
4321,indecorum,0
4322,indefensible,0
4323,indelicate,0
4324,indeterminable,0
4325,indeterminably,0
4326,indeterminate,0
4327,indifference,0
4328,indifferent,0
4329,indigent,0
4330,indignant,0
4331,indignantly,0
4332,indignation,0
4333,indignity,0
4334,indiscernible,0
4335,indiscreet,0
4336,indiscreetly,0
4337,indiscretion,0
4338,indiscriminate,0
4339,indiscriminately,0
4340,indiscriminating,0
4341,indistinguishable,0
4342,indoctrinate,0
4343,indoctrination,0
4344,indolent,0
4345,indulge,0
4346,ineffective,0
4347,ineffectively,0
4348,ineffectiveness,0
4349,ineffectual,0
4350,ineffectually,0
4351,ineffectualness,0
4352,inefficacious,0
4353,inefficacy,0
4354,inefficiency,0
4355,inefficient,0
4356,inefficiently,0
4357,inelegance,0
4358,inelegant,0
4359,ineligible,0
4360,ineloquent,0
4361,ineloquently,0
4362,inept,0
4363,ineptitude,0
4364,ineptly,0
4365,inequalities,0
4366,inequality,0
4367,inequitable,0
4368,inequitably,0
4369,inequities,0
4370,inescapable,0
4371,inescapably,0
4372,inessential,0
4373,inevitable,0
4374,inevitably,0
4375,inexcusable,0
4376,inexcusably,0
4377,inexorable,0
4378,inexorably,0
4379,inexperience,0
4380,inexperienced,0
4381,inexpert,0
4382,inexpertly,0
4383,inexpiable,0
4384,inexplainable,0
4385,inextricable,0
4386,inextricably,0
4387,infamous,0
4388,infamously,0
4389,infamy,0
4390,infected,0
4391,infection,0
4392,infections,0
4393,inferior,0
4394,inferiority,0
4395,infernal,0
4396,infest,0
4397,infested,0
4398,infidel,0
4399,infidels,0
4400,infiltrator,0
4401,infiltrators,0
4402,infirm,0
4403,inflame,0
4404,inflammation,0
4405,inflammatory,0
4406,inflammed,0
4407,inflated,0
4408,inflationary,0
4409,inflexible,0
4410,inflict,0
4411,infraction,0
4412,infringe,0
4413,infringement,0
4414,infringements,0
4415,infuriate,0
4416,infuriated,0
4417,infuriating,0
4418,infuriatingly,0
4419,inglorious,0
4420,ingrate,0
4421,ingratitude,0
4422,inhibit,0
4423,inhibition,0
4424,inhospitable,0
4425,inhospitality,0
4426,inhuman,0
4427,inhumane,0
4428,inhumanity,0
4429,inimical,0
4430,inimically,0
4431,iniquitous,0
4432,iniquity,0
4433,injudicious,0
4434,injure,0
4435,injurious,0
4436,injury,0
4437,injustice,0
4438,injustices,0
4439,innuendo,0
4440,inoperable,0
4441,inopportune,0
4442,inordinate,0
4443,inordinately,0
4444,insane,0
4445,insanely,0
4446,insanity,0
4447,insatiable,0
4448,insecure,0
4449,insecurity,0
4450,insensible,0
4451,insensitive,0
4452,insensitively,0
4453,insensitivity,0
4454,insidious,0
4455,insidiously,0
4456,insignificance,0
4457,insignificant,0
4458,insignificantly,0
4459,insincere,0
4460,insincerely,0
4461,insincerity,0
4462,insinuate,0
4463,insinuating,0
4464,insinuation,0
4465,insociable,0
4466,insolence,0
4467,insolent,0
4468,insolently,0
4469,insolvent,0
4470,insouciance,0
4471,instability,0
4472,instable,0
4473,instigate,0
4474,instigator,0
4475,instigators,0
4476,insubordinate,0
4477,insubstantial,0
4478,insubstantially,0
4479,insufferable,0
4480,insufferably,0
4481,insufficiency,0
4482,insufficient,0
4483,insufficiently,0
4484,insular,0
4485,insult,0
4486,insulted,0
4487,insulting,0
4488,insultingly,0
4489,insults,0
4490,insupportable,0
4491,insupportably,0
4492,insurmountable,0
4493,insurmountably,0
4494,insurrection,0
4495,intefere,0
4496,inteferes,0
4497,intense,0
4498,interfere,0
4499,interference,0
4500,interferes,0
4501,intermittent,0
4502,interrupt,0
4503,interruption,0
4504,interruptions,0
4505,intimidate,0
4506,intimidating,0
4507,intimidatingly,0
4508,intimidation,0
4509,intolerable,0
4510,intolerablely,0
4511,intolerance,0
4512,intoxicate,0
4513,intractable,0
4514,intransigence,0
4515,intransigent,0
4516,intrude,0
4517,intrusion,0
4518,intrusive,0
4519,inundate,0
4520,inundated,0
4521,invader,0
4522,invalid,0
4523,invalidate,0
4524,invalidity,0
4525,invasive,0
4526,invective,0
4527,inveigle,0
4528,invidious,0
4529,invidiously,0
4530,invidiousness,0
4531,invisible,0
4532,involuntarily,0
4533,involuntary,0
4534,irascible,0
4535,irate,0
4536,irately,0
4537,ire,0
4538,irk,0
4539,irked,0
4540,irking,0
4541,irks,0
4542,irksome,0
4543,irksomely,0
4544,irksomeness,0
4545,irksomenesses,0
4546,ironic,0
4547,ironical,0
4548,ironically,0
4549,ironies,0
4550,irony,0
4551,irragularity,0
4552,irrational,0
4553,irrationalities,0
4554,irrationality,0
4555,irrationally,0
4556,irrationals,0
4557,irreconcilable,0
4558,irrecoverable,0
4559,irrecoverableness,0
4560,irrecoverablenesses,0
4561,irrecoverably,0
4562,irredeemable,0
4563,irredeemably,0
4564,irreformable,0
4565,irregular,0
4566,irregularity,0
4567,irrelevance,0
4568,irrelevant,0
4569,irreparable,0
4570,irreplacible,0
4571,irrepressible,0
4572,irresolute,0
4573,irresolvable,0
4574,irresponsible,0
4575,irresponsibly,0
4576,irretating,0
4577,irretrievable,0
4578,irreversible,0
4579,irritable,0
4580,irritably,0
4581,irritant,0
4582,irritate,0
4583,irritated,0
4584,irritating,0
4585,irritation,0
4586,irritations,0
4587,isolate,0
4588,isolated,0
4589,isolation,0
4590,issue,0
4591,issues,0
4592,itch,0
4593,itching,0
4594,itchy,0
4595,jabber,0
4596,jaded,0
4597,jagged,0
4598,jam,0
4599,jarring,0
4600,jaundiced,0
4601,jealous,0
4602,jealously,0
4603,jealousness,0
4604,jealousy,0
4605,jeer,0
4606,jeering,0
4607,jeeringly,0
4608,jeers,0
4609,jeopardize,0
4610,jeopardy,0
4611,jerk,0
4612,jerky,0
4613,jitter,0
4614,jitters,0
4615,jittery,0
4616,job-killing,0
4617,jobless,0
4618,joke,0
4619,joker,0
4620,jolt,0
4621,judder,0
4622,juddering,0
4623,judders,0
4624,jumpy,0
4625,junk,0
4626,junky,0
4627,junkyard,0
4628,jutter,0
4629,jutters,0
4630,kaput,0
4631,kill,0
4632,killed,0
4633,killer,0
4634,killing,0
4635,killjoy,0
4636,kills,0
4637,knave,0
4638,knife,0
4639,knock,0
4640,knotted,0
4641,kook,0
4642,kooky,0
4643,lack,0
4644,lackadaisical,0
4645,lacked,0
4646,lackey,0
4647,lackeys,0
4648,lacking,0
4649,lackluster,0
4650,lacks,0
4651,laconic,0
4652,lag,0
4653,lagged,0
4654,lagging,0
4655,laggy,0
4656,lags,0
4657,laid-off,0
4658,lambast,0
4659,lambaste,0
4660,lame,0
4661,lame-duck,0
4662,lament,0
4663,lamentable,0
4664,lamentably,0
4665,languid,0
4666,languish,0
4667,languor,0
4668,languorous,0
4669,languorously,0
4670,lanky,0
4671,lapse,0
4672,lapsed,0
4673,lapses,0
4674,lascivious,0
4675,last-ditch,0
4676,latency,0
4677,laughable,0
4678,laughably,0
4679,laughingstock,0
4680,lawbreaker,0
4681,lawbreaking,0
4682,lawless,0
4683,lawlessness,0
4684,layoff,0
4685,layoff-happy,0
4686,lazy,0
4687,leak,0
4688,leakage,0
4689,leakages,0
4690,leaking,0
4691,leaks,0
4692,leaky,0
4693,lech,0
4694,lecher,0
4695,lecherous,0
4696,lechery,0
4697,leech,0
4698,leer,0
4699,leery,0
4700,left-leaning,0
4701,lemon,0
4702,lengthy,0
4703,less-developed,0
4704,lesser-known,0
4705,letch,0
4706,lethal,0
4707,lethargic,0
4708,lethargy,0
4709,lewd,0
4710,lewdly,0
4711,lewdness,0
4712,liability,0
4713,liable,0
4714,liar,0
4715,liars,0
4716,licentious,0
4717,licentiously,0
4718,licentiousness,0
4719,lie,0
4720,lied,0
4721,lier,0
4722,lies,0
4723,life-threatening,0
4724,lifeless,0
4725,limit,0
4726,limitation,0
4727,limitations,0
4728,limited,0
4729,limits,0
4730,limp,0
4731,listless,0
4732,litigious,0
4733,little-known,0
4734,livid,0
4735,lividly,0
4736,loath,0
4737,loathe,0
4738,loathing,0
4739,loathly,0
4740,loathsome,0
4741,loathsomely,0
4742,lone,0
4743,loneliness,0
4744,lonely,0
4745,loner,0
4746,lonesome,0
4747,long-time,0
4748,long-winded,0
4749,longing,0
4750,longingly,0
4751,loophole,0
4752,loopholes,0
4753,loose,0
4754,loot,0
4755,lorn,0
4756,lose,0
4757,loser,0
4758,losers,0
4759,loses,0
4760,losing,0
4761,loss,0
4762,losses,0
4763,lost,0
4764,loud,0
4765,louder,0
4766,lousy,0
4767,loveless,0
4768,lovelorn,0
4769,low-rated,0
4770,lowly,0
4771,ludicrous,0
4772,ludicrously,0
4773,lugubrious,0
4774,lukewarm,0
4775,lull,0
4776,lumpy,0
4777,lunatic,0
4778,lunaticism,0
4779,lurch,0
4780,lure,0
4781,lurid,0
4782,lurk,0
4783,lurking,0
4784,lying,0
4785,macabre,0
4786,mad,0
4787,madden,0
4788,maddening,0
4789,maddeningly,0
4790,madder,0
4791,madly,0
4792,madman,0
4793,madness,0
4794,maladjusted,0
4795,maladjustment,0
4796,malady,0
4797,malaise,0
4798,malcontent,0
4799,malcontented,0
4800,maledict,0
4801,malevolence,0
4802,malevolent,0
4803,malevolently,0
4804,malice,0
4805,malicious,0
4806,maliciously,0
4807,maliciousness,0
4808,malign,0
4809,malignant,0
4810,malodorous,0
4811,maltreatment,0
4812,mangle,0
4813,mangled,0
4814,mangles,0
4815,mangling,0
4816,mania,0
4817,maniac,0
4818,maniacal,0
4819,manic,0
4820,manipulate,0
4821,manipulation,0
4822,manipulative,0
4823,manipulators,0
4824,mar,0
4825,marginal,0
4826,marginally,0
4827,martyrdom,0
4828,martyrdom-seeking,0
4829,mashed,0
4830,massacre,0
4831,massacres,0
4832,matte,0
4833,mawkish,0
4834,mawkishly,0
4835,mawkishness,0
4836,meager,0
4837,meaningless,0
4838,meanness,0
4839,measly,0
4840,meddle,0
4841,meddlesome,0
4842,mediocre,0
4843,mediocrity,0
4844,melancholy,0
4845,melodramatic,0
4846,melodramatically,0
4847,meltdown,0
4848,menace,0
4849,menacing,0
4850,menacingly,0
4851,mendacious,0
4852,mendacity,0
4853,menial,0
4854,merciless,0
4855,mercilessly,0
4856,mess,0
4857,messed,0
4858,messes,0
4859,messing,0
4860,messy,0
4861,midget,0
4862,miff,0
4863,militancy,0
4864,mindless,0
4865,mindlessly,0
4866,mirage,0
4867,mire,0
4868,misalign,0
4869,misaligned,0
4870,misaligns,0
4871,misapprehend,0
4872,misbecome,0
4873,misbecoming,0
4874,misbegotten,0
4875,misbehave,0
4876,misbehavior,0
4877,miscalculate,0
4878,miscalculation,0
4879,miscellaneous,0
4880,mischief,0
4881,mischievous,0
4882,mischievously,0
4883,misconception,0
4884,misconceptions,0
4885,miscreant,0
4886,miscreants,0
4887,misdirection,0
4888,miser,0
4889,miserable,0
4890,miserableness,0
4891,miserably,0
4892,miseries,0
4893,miserly,0
4894,misery,0
4895,misfit,0
4896,misfortune,0
4897,misgiving,0
4898,misgivings,0
4899,misguidance,0
4900,misguide,0
4901,misguided,0
4902,mishandle,0
4903,mishap,0
4904,misinform,0
4905,misinformed,0
4906,misinterpret,0
4907,misjudge,0
4908,misjudgment,0
4909,mislead,0
4910,misleading,0
4911,misleadingly,0
4912,mislike,0
4913,mismanage,0
4914,mispronounce,0
4915,mispronounced,0
4916,mispronounces,0
4917,misread,0
4918,misreading,0
4919,misrepresent,0
4920,misrepresentation,0
4921,miss,0
4922,missed,0
4923,misses,0
4924,misstatement,0
4925,mist,0
4926,mistake,0
4927,mistaken,0
4928,mistakenly,0
4929,mistakes,0
4930,mistified,0
4931,mistress,0
4932,mistrust,0
4933,mistrustful,0
4934,mistrustfully,0
4935,mists,0
4936,misunderstand,0
4937,misunderstanding,0
4938,misunderstandings,0
4939,misunderstood,0
4940,misuse,0
4941,moan,0
4942,mobster,0
4943,mock,0
4944,mocked,0
4945,mockeries,0
4946,mockery,0
4947,mocking,0
4948,mockingly,0
4949,mocks,0
4950,molest,0
4951,molestation,0
4952,monotonous,0
4953,monotony,0
4954,monster,0
4955,monstrosities,0
4956,monstrosity,0
4957,monstrous,0
4958,monstrously,0
4959,moody,0
4960,moot,0
4961,mope,0
4962,morbid,0
4963,morbidly,0
4964,mordant,0
4965,mordantly,0
4966,moribund,0
4967,moron,0
4968,moronic,0
4969,morons,0
4970,mortification,0
4971,mortified,0
4972,mortify,0
4973,mortifying,0
4974,motionless,0
4975,motley,0
4976,mourn,0
4977,mourner,0
4978,mournful,0
4979,mournfully,0
4980,muddle,0
4981,muddy,0
4982,mudslinger,0
4983,mudslinging,0
4984,mulish,0
4985,multi-polarization,0
4986,mundane,0
4987,murder,0
4988,murderer,0
4989,murderous,0
4990,murderously,0
4991,murky,0
4992,muscle-flexing,0
4993,mushy,0
4994,musty,0
4995,mysterious,0
4996,mysteriously,0
4997,mystery,0
4998,mystify,0
4999,myth,0
5000,nag,0
5001,nagging,0
5002,naive,0
5003,naively,0
5004,narrower,0
5005,nastily,0
5006,nastiness,0
5007,nasty,0
5008,naughty,0
5009,nauseate,0
5010,nauseates,0
5011,nauseating,0
5012,nauseatingly,0
5013,naïve,0
5014,nebulous,0
5015,nebulously,0
5016,needless,0
5017,needlessly,0
5018,needy,0
5019,nefarious,0
5020,nefariously,0
5021,negate,0
5022,negation,0
5023,negative,0
5024,negatives,0
5025,negativity,0
5026,neglect,0
5027,neglected,0
5028,negligence,0
5029,negligent,0
5030,nemesis,0
5031,nepotism,0
5032,nervous,0
5033,nervously,0
5034,nervousness,0
5035,nettle,0
5036,nettlesome,0
5037,neurotic,0
5038,neurotically,0
5039,niggle,0
5040,niggles,0
5041,nightmare,0
5042,nightmarish,0
5043,nightmarishly,0
5044,nitpick,0
5045,nitpicking,0
5046,noise,0
5047,noises,0
5048,noisier,0
5049,noisy,0
5050,non-confidence,0
5051,nonexistent,0
5052,nonresponsive,0
5053,nonsense,0
5054,nosey,0
5055,notoriety,0
5056,notorious,0
5057,notoriously,0
5058,noxious,0
5059,nuisance,0
5060,numb,0
5061,obese,0
5062,object,0
5063,objection,0
5064,objectionable,0
5065,objections,0
5066,oblique,0
5067,obliterate,0
5068,obliterated,0
5069,oblivious,0
5070,obnoxious,0
5071,obnoxiously,0
5072,obscene,0
5073,obscenely,0
5074,obscenity,0
5075,obscure,0
5076,obscured,0
5077,obscures,0
5078,obscurity,0
5079,obsess,0
5080,obsessive,0
5081,obsessively,0
5082,obsessiveness,0
5083,obsolete,0
5084,obstacle,0
5085,obstinate,0
5086,obstinately,0
5087,obstruct,0
5088,obstructed,0
5089,obstructing,0
5090,obstruction,0
5091,obstructs,0
5092,obtrusive,0
5093,obtuse,0
5094,occlude,0
5095,occluded,0
5096,occludes,0
5097,occluding,0
5098,odd,0
5099,odder,0
5100,oddest,0
5101,oddities,0
5102,oddity,0
5103,oddly,0
5104,odor,0
5105,offence,0
5106,offend,0
5107,offender,0
5108,offending,0
5109,offenses,0
5110,offensive,0
5111,offensively,0
5112,offensiveness,0
5113,officious,0
5114,ominous,0
5115,ominously,0
5116,omission,0
5117,omit,0
5118,one-sided,0
5119,onerous,0
5120,onerously,0
5121,onslaught,0
5122,opinionated,0
5123,opponent,0
5124,opportunistic,0
5125,oppose,0
5126,opposition,0
5127,oppositions,0
5128,oppress,0
5129,oppression,0
5130,oppressive,0
5131,oppressively,0
5132,oppressiveness,0
5133,oppressors,0
5134,ordeal,0
5135,orphan,0
5136,ostracize,0
5137,outbreak,0
5138,outburst,0
5139,outbursts,0
5140,outcast,0
5141,outcry,0
5142,outlaw,0
5143,outmoded,0
5144,outrage,0
5145,outraged,0
5146,outrageous,0
5147,outrageously,0
5148,outrageousness,0
5149,outrages,0
5150,outsider,0
5151,over-acted,0
5152,over-awe,0
5153,over-balanced,0
5154,over-hyped,0
5155,over-priced,0
5156,over-valuation,0
5157,overact,0
5158,overacted,0
5159,overawe,0
5160,overbalance,0
5161,overbalanced,0
5162,overbearing,0
5163,overbearingly,0
5164,overblown,0
5165,overdo,0
5166,overdone,0
5167,overdue,0
5168,overemphasize,0
5169,overheat,0
5170,overkill,0
5171,overloaded,0
5172,overlook,0
5173,overpaid,0
5174,overpayed,0
5175,overplay,0
5176,overpower,0
5177,overpriced,0
5178,overrated,0
5179,overreach,0
5180,overrun,0
5181,overshadow,0
5182,oversight,0
5183,oversights,0
5184,oversimplification,0
5185,oversimplified,0
5186,oversimplify,0
5187,oversize,0
5188,overstate,0
5189,overstated,0
5190,overstatement,0
5191,overstatements,0
5192,overstates,0
5193,overtaxed,0
5194,overthrow,0
5195,overthrows,0
5196,overturn,0
5197,overweight,0
5198,overwhelm,0
5199,overwhelmed,0
5200,overwhelming,0
5201,overwhelmingly,0
5202,overwhelms,0
5203,overzealous,0
5204,overzealously,0
5205,overzelous,0
5206,pain,0
5207,painful,0
5208,painfull,0
5209,painfully,0
5210,pains,0
5211,pale,0
5212,pales,0
5213,paltry,0
5214,pan,0
5215,pandemonium,0
5216,pander,0
5217,pandering,0
5218,panders,0
5219,panic,0
5220,panick,0
5221,panicked,0
5222,panicking,0
5223,panicky,0
5224,paradoxical,0
5225,paradoxically,0
5226,paralize,0
5227,paralyzed,0
5228,paranoia,0
5229,paranoid,0
5230,parasite,0
5231,pariah,0
5232,parody,0
5233,partiality,0
5234,partisan,0
5235,partisans,0
5236,passe,0
5237,passive,0
5238,passiveness,0
5239,pathetic,0
5240,pathetically,0
5241,patronize,0
5242,paucity,0
5243,pauper,0
5244,paupers,0
5245,payback,0
5246,peculiar,0
5247,peculiarly,0
5248,pedantic,0
5249,peeled,0
5250,peeve,0
5251,peeved,0
5252,peevish,0
5253,peevishly,0
5254,penalize,0
5255,penalty,0
5256,perfidious,0
5257,perfidity,0
5258,perfunctory,0
5259,peril,0
5260,perilous,0
5261,perilously,0
5262,perish,0
5263,pernicious,0
5264,perplex,0
5265,perplexed,0
5266,perplexing,0
5267,perplexity,0
5268,persecute,0
5269,persecution,0
5270,pertinacious,0
5271,pertinaciously,0
5272,pertinacity,0
5273,perturb,0
5274,perturbed,0
5275,pervasive,0
5276,perverse,0
5277,perversely,0
5278,perversion,0
5279,perversity,0
5280,pervert,0
5281,perverted,0
5282,perverts,0
5283,pessimism,0
5284,pessimistic,0
5285,pessimistically,0
5286,pest,0
5287,pestilent,0
5288,petrified,0
5289,petrify,0
5290,pettifog,0
5291,petty,0
5292,phobia,0
5293,phobic,0
5294,phony,0
5295,picket,0
5296,picketed,0
5297,picketing,0
5298,pickets,0
5299,picky,0
5300,pig,0
5301,pigs,0
5302,pillage,0
5303,pillory,0
5304,pimple,0
5305,pinch,0
5306,pique,0
5307,pitiable,0
5308,pitiful,0
5309,pitifully,0
5310,pitiless,0
5311,pitilessly,0
5312,pittance,0
5313,pity,0
5314,plagiarize,0
5315,plague,0
5316,plasticky,0
5317,plaything,0
5318,plea,0
5319,pleas,0
5320,plebeian,0
5321,plight,0
5322,plot,0
5323,plotters,0
5324,ploy,0
5325,plunder,0
5326,plunderer,0
5327,pointless,0
5328,pointlessly,0
5329,poison,0
5330,poisonous,0
5331,poisonously,0
5332,pokey,0
5333,poky,0
5334,polarisation,0
5335,polemize,0
5336,pollute,0
5337,polluter,0
5338,polluters,0
5339,polution,0
5340,pompous,0
5341,poor,0
5342,poorer,0
5343,poorest,0
5344,poorly,0
5345,posturing,0
5346,pout,0
5347,poverty,0
5348,powerless,0
5349,prate,0
5350,pratfall,0
5351,prattle,0
5352,precarious,0
5353,precariously,0
5354,precipitate,0
5355,precipitous,0
5356,predatory,0
5357,predicament,0
5358,prejudge,0
5359,prejudice,0
5360,prejudices,0
5361,prejudicial,0
5362,premeditated,0
5363,preoccupy,0
5364,preposterous,0
5365,preposterously,0
5366,presumptuous,0
5367,presumptuously,0
5368,pretence,0
5369,pretend,0
5370,pretense,0
5371,pretentious,0
5372,pretentiously,0
5373,prevaricate,0
5374,pricey,0
5375,pricier,0
5376,prick,0
5377,prickle,0
5378,prickles,0
5379,prideful,0
5380,prik,0
5381,primitive,0
5382,prison,0
5383,prisoner,0
5384,problem,0
5385,problematic,0
5386,problems,0
5387,procrastinate,0
5388,procrastinates,0
5389,procrastination,0
5390,profane,0
5391,profanity,0
5392,prohibit,0
5393,prohibitive,0
5394,prohibitively,0
5395,propaganda,0
5396,propagandize,0
5397,proprietary,0
5398,prosecute,0
5399,protest,0
5400,protested,0
5401,protesting,0
5402,protests,0
5403,protracted,0
5404,provocation,0
5405,provocative,0
5406,provoke,0
5407,pry,0
5408,pugnacious,0
5409,pugnaciously,0
5410,pugnacity,0
5411,punch,0
5412,punish,0
5413,punishable,0
5414,punitive,0
5415,punk,0
5416,puny,0
5417,puppet,0
5418,puppets,0
5419,puzzled,0
5420,puzzlement,0
5421,puzzling,0
5422,quack,0
5423,qualm,0
5424,qualms,0
5425,quandary,0
5426,quarrel,0
5427,quarrellous,0
5428,quarrellously,0
5429,quarrels,0
5430,quarrelsome,0
5431,quash,0
5432,queer,0
5433,questionable,0
5434,quibble,0
5435,quibbles,0
5436,quitter,0
5437,rabid,0
5438,racism,0
5439,racist,0
5440,racists,0
5441,racy,0
5442,radical,0
5443,radicalization,0
5444,radically,0
5445,radicals,0
5446,rage,0
5447,ragged,0
5448,raging,0
5449,rail,0
5450,raked,0
5451,rampage,0
5452,rampant,0
5453,ramshackle,0
5454,rancor,0
5455,randomly,0
5456,rankle,0
5457,rant,0
5458,ranted,0
5459,ranting,0
5460,rantingly,0
5461,rants,0
5462,rape,0
5463,raped,0
5464,raping,0
5465,rascal,0
5466,rascals,0
5467,rash,0
5468,rattle,0
5469,rattled,0
5470,rattles,0
5471,ravage,0
5472,raving,0
5473,reactionary,0
5474,rebellious,0
5475,rebuff,0
5476,rebuke,0
5477,recalcitrant,0
5478,recant,0
5479,recession,0
5480,recessionary,0
5481,reckless,0
5482,recklessly,0
5483,recklessness,0
5484,recoil,0
5485,recourses,0
5486,redundancy,0
5487,redundant,0
5488,refusal,0
5489,refuse,0
5490,refused,0
5491,refuses,0
5492,refusing,0
5493,refutation,0
5494,refute,0
5495,refuted,0
5496,refutes,0
5497,refuting,0
5498,regress,0
5499,regression,0
5500,regressive,0
5501,regret,0
5502,regreted,0
5503,regretful,0
5504,regretfully,0
5505,regrets,0
5506,regrettable,0
5507,regrettably,0
5508,regretted,0
5509,reject,0
5510,rejected,0
5511,rejecting,0
5512,rejection,0
5513,rejects,0
5514,relapse,0
5515,relentless,0
5516,relentlessly,0
5517,relentlessness,0
5518,reluctance,0
5519,reluctant,0
5520,reluctantly,0
5521,remorse,0
5522,remorseful,0
5523,remorsefully,0
5524,remorseless,0
5525,remorselessly,0
5526,remorselessness,0
5527,renounce,0
5528,renunciation,0
5529,repel,0
5530,repetitive,0
5531,reprehensible,0
5532,reprehensibly,0
5533,reprehension,0
5534,reprehensive,0
5535,repress,0
5536,repression,0
5537,repressive,0
5538,reprimand,0
5539,reproach,0
5540,reproachful,0
5541,reprove,0
5542,reprovingly,0
5543,repudiate,0
5544,repudiation,0
5545,repugn,0
5546,repugnance,0
5547,repugnant,0
5548,repugnantly,0
5549,repulse,0
5550,repulsed,0
5551,repulsing,0
5552,repulsive,0
5553,repulsively,0
5554,repulsiveness,0
5555,resent,0
5556,resentful,0
5557,resentment,0
5558,resignation,0
5559,resigned,0
5560,resistance,0
5561,restless,0
5562,restlessness,0
5563,restrict,0
5564,restricted,0
5565,restriction,0
5566,restrictive,0
5567,resurgent,0
5568,retaliate,0
5569,retaliatory,0
5570,retard,0
5571,retarded,0
5572,retardedness,0
5573,retards,0
5574,reticent,0
5575,retract,0
5576,retreat,0
5577,retreated,0
5578,revenge,0
5579,revengeful,0
5580,revengefully,0
5581,revert,0
5582,revile,0
5583,reviled,0
5584,revoke,0
5585,revolt,0
5586,revolting,0
5587,revoltingly,0
5588,revulsion,0
5589,revulsive,0
5590,rhapsodize,0
5591,rhetoric,0
5592,rhetorical,0
5593,ricer,0
5594,ridicule,0
5595,ridicules,0
5596,ridiculous,0
5597,ridiculously,0
5598,rife,0
5599,rift,0
5600,rifts,0
5601,rigid,0
5602,rigidity,0
5603,rigidness,0
5604,rile,0
5605,riled,0
5606,rip,0
5607,rip-off,0
5608,ripoff,0
5609,ripped,0
5610,risk,0
5611,risks,0
5612,risky,0
5613,rival,0
5614,rivalry,0
5615,roadblocks,0
5616,rocky,0
5617,rogue,0
5618,rollercoaster,0
5619,rot,0
5620,rotten,0
5621,rough,0
5622,rremediable,0
5623,rubbish,0
5624,rude,0
5625,rue,0
5626,ruffian,0
5627,ruffle,0
5628,ruin,0
5629,ruined,0
5630,ruining,0
5631,ruinous,0
5632,ruins,0
5633,rumbling,0
5634,rumor,0
5635,rumors,0
5636,rumours,0
5637,rumple,0
5638,run-down,0
5639,runaway,0
5640,rupture,0
5641,rust,0
5642,rusts,0
5643,rusty,0
5644,rut,0
5645,ruthless,0
5646,ruthlessly,0
5647,ruthlessness,0
5648,ruts,0
5649,sabotage,0
5650,sack,0
5651,sacrificed,0
5652,sad,0
5653,sadden,0
5654,sadly,0
5655,sadness,0
5656,sag,0
5657,sagged,0
5658,sagging,0
5659,saggy,0
5660,sags,0
5661,salacious,0
5662,sanctimonious,0
5663,sap,0
5664,sarcasm,0
5665,sarcastic,0
5666,sarcastically,0
5667,sardonic,0
5668,sardonically,0
5669,sass,0
5670,satirical,0
5671,satirize,0
5672,savage,0
5673,savaged,0
5674,savagery,0
5675,savages,0
5676,scaly,0
5677,scam,0
5678,scams,0
5679,scandal,0
5680,scandalize,0
5681,scandalized,0
5682,scandalous,0
5683,scandalously,0
5684,scandals,0
5685,scandel,0
5686,scandels,0
5687,scant,0
5688,scapegoat,0
5689,scar,0
5690,scarce,0
5691,scarcely,0
5692,scarcity,0
5693,scare,0
5694,scared,0
5695,scarier,0
5696,scariest,0
5697,scarily,0
5698,scarred,0
5699,scars,0
5700,scary,0
5701,scathing,0
5702,scathingly,0
5703,sceptical,0
5704,scoff,0
5705,scoffingly,0
5706,scold,0
5707,scolded,0
5708,scolding,0
5709,scoldingly,0
5710,scorching,0
5711,scorchingly,0
5712,scorn,0
5713,scornful,0
5714,scornfully,0
5715,scoundrel,0
5716,scourge,0
5717,scowl,0
5718,scramble,0
5719,scrambled,0
5720,scrambles,0
5721,scrambling,0
5722,scrap,0
5723,scratch,0
5724,scratched,0
5725,scratches,0
5726,scratchy,0
5727,scream,0
5728,screech,0
5729,screw-up,0
5730,screwed,0
5731,screwed-up,0
5732,screwy,0
5733,scuff,0
5734,scuffs,0
5735,scum,0
5736,scummy,0
5737,second-class,0
5738,second-tier,0
5739,secretive,0
5740,sedentary,0
5741,seedy,0
5742,seethe,0
5743,seething,0
5744,self-coup,0
5745,self-criticism,0
5746,self-defeating,0
5747,self-destructive,0
5748,self-humiliation,0
5749,self-interest,0
5750,self-interested,0
5751,self-serving,0
5752,selfinterested,0
5753,selfish,0
5754,selfishly,0
5755,selfishness,0
5756,semi-retarded,0
5757,senile,0
5758,sensationalize,0
5759,senseless,0
5760,senselessly,0
5761,seriousness,0
5762,sermonize,0
5763,servitude,0
5764,set-up,0
5765,setback,0
5766,setbacks,0
5767,sever,0
5768,severe,0
5769,severity,0
5770,sh*t,0
5771,shabby,0
5772,shadowy,0
5773,shady,0
5774,shake,0
5775,shaky,0
5776,shallow,0
5777,sham,0
5778,shambles,0
5779,shame,0
5780,shameful,0
5781,shamefully,0
5782,shamefulness,0
5783,shameless,0
5784,shamelessly,0
5785,shamelessness,0
5786,shark,0
5787,sharply,0
5788,shatter,0
5789,shemale,0
5790,shimmer,0
5791,shimmy,0
5792,shipwreck,0
5793,shirk,0
5794,shirker,0
5795,shit,0
5796,shiver,0
5797,shock,0
5798,shocked,0
5799,shocking,0
5800,shockingly,0
5801,shoddy,0
5802,short-lived,0
5803,shortage,0
5804,shortchange,0
5805,shortcoming,0
5806,shortcomings,0
5807,shortness,0
5808,shortsighted,0
5809,shortsightedness,0
5810,showdown,0
5811,shrew,0
5812,shriek,0
5813,shrill,0
5814,shrilly,0
5815,shrivel,0
5816,shroud,0
5817,shrouded,0
5818,shrug,0
5819,shun,0
5820,shunned,0
5821,sick,0
5822,sicken,0
5823,sickening,0
5824,sickeningly,0
5825,sickly,0
5826,sickness,0
5827,sidetrack,0
5828,sidetracked,0
5829,siege,0
5830,sillily,0
5831,silly,0
5832,simplistic,0
5833,simplistically,0
5834,sin,0
5835,sinful,0
5836,sinfully,0
5837,sinister,0
5838,sinisterly,0
5839,sink,0
5840,sinking,0
5841,skeletons,0
5842,skeptic,0
5843,skeptical,0
5844,skeptically,0
5845,skepticism,0
5846,sketchy,0
5847,skimpy,0
5848,skinny,0
5849,skittish,0
5850,skittishly,0
5851,skulk,0
5852,slack,0
5853,slander,0
5854,slanderer,0
5855,slanderous,0
5856,slanderously,0
5857,slanders,0
5858,slap,0
5859,slashing,0
5860,slaughter,0
5861,slaughtered,0
5862,slave,0
5863,slaves,0
5864,sleazy,0
5865,slime,0
5866,slog,0
5867,slogged,0
5868,slogging,0
5869,slogs,0
5870,sloooooooooooooow,0
5871,sloooow,0
5872,slooow,0
5873,sloow,0
5874,sloppily,0
5875,sloppy,0
5876,sloth,0
5877,slothful,0
5878,slow,0
5879,slow-moving,0
5880,slowed,0
5881,slower,0
5882,slowest,0
5883,slowly,0
5884,sloww,0
5885,slowww,0
5886,slowwww,0
5887,slug,0
5888,sluggish,0
5889,slump,0
5890,slumping,0
5891,slumpping,0
5892,slur,0
5893,slut,0
5894,sluts,0
5895,sly,0
5896,smack,0
5897,smallish,0
5898,smash,0
5899,smear,0
5900,smell,0
5901,smelled,0
5902,smelling,0
5903,smells,0
5904,smelly,0
5905,smelt,0
5906,smoke,0
5907,smokescreen,0
5908,smolder,0
5909,smoldering,0
5910,smother,0
5911,smoulder,0
5912,smouldering,0
5913,smudge,0
5914,smudged,0
5915,smudges,0
5916,smudging,0
5917,smug,0
5918,smugly,0
5919,smut,0
5920,smuttier,0
5921,smuttiest,0
5922,smutty,0
5923,snag,0
5924,snagged,0
5925,snagging,0
5926,snags,0
5927,snappish,0
5928,snappishly,0
5929,snare,0
5930,snarky,0
5931,snarl,0
5932,sneak,0
5933,sneakily,0
5934,sneaky,0
5935,sneer,0
5936,sneering,0
5937,sneeringly,0
5938,snob,0
5939,snobbish,0
5940,snobby,0
5941,snobish,0
5942,snobs,0
5943,snub,0
5944,so-cal,0
5945,soapy,0
5946,sob,0
5947,sober,0
5948,sobering,0
5949,solemn,0
5950,solicitude,0
5951,somber,0
5952,sore,0
5953,sorely,0
5954,soreness,0
5955,sorrow,0
5956,sorrowful,0
5957,sorrowfully,0
5958,sorry,0
5959,sour,0
5960,sourly,0
5961,spade,0
5962,spank,0
5963,spendy,0
5964,spew,0
5965,spewed,0
5966,spewing,0
5967,spews,0
5968,spilling,0
5969,spinster,0
5970,spiritless,0
5971,spite,0
5972,spiteful,0
5973,spitefully,0
5974,spitefulness,0
5975,splatter,0
5976,split,0
5977,splitting,0
5978,spoil,0
5979,spoilage,0
5980,spoilages,0
5981,spoiled,0
5982,spoilled,0
5983,spoils,0
5984,spook,0
5985,spookier,0
5986,spookiest,0
5987,spookily,0
5988,spooky,0
5989,spoon-fed,0
5990,spoon-feed,0
5991,spoonfed,0
5992,sporadic,0
5993,spotty,0
5994,spurious,0
5995,spurn,0
5996,sputter,0
5997,squabble,0
5998,squabbling,0
5999,squander,0
6000,squash,0
6001,squeak,0
6002,squeaks,0
6003,squeaky,0
6004,squeal,0
6005,squealing,0
6006,squeals,0
6007,squirm,0
6008,stab,0
6009,stagnant,0
6010,stagnate,0
6011,stagnation,0
6012,staid,0
6013,stain,0
6014,stains,0
6015,stale,0
6016,stalemate,0
6017,stall,0
6018,stalls,0
6019,stammer,0
6020,stampede,0
6021,standstill,0
6022,stark,0
6023,starkly,0
6024,startle,0
6025,startling,0
6026,startlingly,0
6027,starvation,0
6028,starve,0
6029,static,0
6030,steal,0
6031,stealing,0
6032,steals,0
6033,steep,0
6034,steeply,0
6035,stench,0
6036,stereotype,0
6037,stereotypical,0
6038,stereotypically,0
6039,stern,0
6040,stew,0
6041,sticky,0
6042,stiff,0
6043,stiffness,0
6044,stifle,0
6045,stifling,0
6046,stiflingly,0
6047,stigma,0
6048,stigmatize,0
6049,sting,0
6050,stinging,0
6051,stingingly,0
6052,stingy,0
6053,stink,0
6054,stinks,0
6055,stodgy,0
6056,stole,0
6057,stolen,0
6058,stooge,0
6059,stooges,0
6060,stormy,0
6061,straggle,0
6062,straggler,0
6063,strain,0
6064,strained,0
6065,straining,0
6066,strange,0
6067,strangely,0
6068,stranger,0
6069,strangest,0
6070,strangle,0
6071,streaky,0
6072,strenuous,0
6073,stress,0
6074,stresses,0
6075,stressful,0
6076,stressfully,0
6077,stricken,0
6078,strict,0
6079,strictly,0
6080,strident,0
6081,stridently,0
6082,strife,0
6083,strike,0
6084,stringent,0
6085,stringently,0
6086,struck,0
6087,struggle,0
6088,struggled,0
6089,struggles,0
6090,struggling,0
6091,strut,0
6092,stubborn,0
6093,stubbornly,0
6094,stubbornness,0
6095,stuck,0
6096,stuffy,0
6097,stumble,0
6098,stumbled,0
6099,stumbles,0
6100,stump,0
6101,stumped,0
6102,stumps,0
6103,stun,0
6104,stunt,0
6105,stunted,0
6106,stupid,0
6107,stupidest,0
6108,stupidity,0
6109,stupidly,0
6110,stupified,0
6111,stupify,0
6112,stupor,0
6113,stutter,0
6114,stuttered,0
6115,stuttering,0
6116,stutters,0
6117,sty,0
6118,stymied,0
6119,sub-par,0
6120,subdued,0
6121,subjected,0
6122,subjection,0
6123,subjugate,0
6124,subjugation,0
6125,submissive,0
6126,subordinate,0
6127,subpoena,0
6128,subpoenas,0
6129,subservience,0
6130,subservient,0
6131,substandard,0
6132,subtract,0
6133,subversion,0
6134,subversive,0
6135,subversively,0
6136,subvert,0
6137,succumb,0
6138,suck,0
6139,sucked,0
6140,sucker,0
6141,sucks,0
6142,sucky,0
6143,sue,0
6144,sued,0
6145,sueing,0
6146,sues,0
6147,suffer,0
6148,suffered,0
6149,sufferer,0
6150,sufferers,0
6151,suffering,0
6152,suffers,0
6153,suffocate,0
6154,sugar-coat,0
6155,sugar-coated,0
6156,sugarcoated,0
6157,suicidal,0
6158,suicide,0
6159,sulk,0
6160,sullen,0
6161,sully,0
6162,sunder,0
6163,sunk,0
6164,sunken,0
6165,superficial,0
6166,superficiality,0
6167,superficially,0
6168,superfluous,0
6169,superstition,0
6170,superstitious,0
6171,suppress,0
6172,suppression,0
6173,surrender,0
6174,susceptible,0
6175,suspect,0
6176,suspicion,0
6177,suspicions,0
6178,suspicious,0
6179,suspiciously,0
6180,swagger,0
6181,swamped,0
6182,sweaty,0
6183,swelled,0
6184,swelling,0
6185,swindle,0
6186,swipe,0
6187,swollen,0
6188,symptom,0
6189,symptoms,0
6190,syndrome,0
6191,taboo,0
6192,tacky,0
6193,taint,0
6194,tainted,0
6195,tamper,0
6196,tangle,0
6197,tangled,0
6198,tangles,0
6199,tank,0
6200,tanked,0
6201,tanks,0
6202,tantrum,0
6203,tardy,0
6204,tarnish,0
6205,tarnished,0
6206,tarnishes,0
6207,tarnishing,0
6208,tattered,0
6209,taunt,0
6210,taunting,0
6211,tauntingly,0
6212,taunts,0
6213,taut,0
6214,tawdry,0
6215,taxing,0
6216,tease,0
6217,teasingly,0
6218,tedious,0
6219,tediously,0
6220,temerity,0
6221,temper,0
6222,tempest,0
6223,temptation,0
6224,tenderness,0
6225,tense,0
6226,tension,0
6227,tentative,0
6228,tentatively,0
6229,tenuous,0
6230,tenuously,0
6231,tepid,0
6232,terrible,0
6233,terribleness,0
6234,terribly,0
6235,terror,0
6236,terror-genic,0
6237,terrorism,0
6238,terrorize,0
6239,testily,0
6240,testy,0
6241,tetchily,0
6242,tetchy,0
6243,thankless,0
6244,thicker,0
6245,thirst,0
6246,thorny,0
6247,thoughtless,0
6248,thoughtlessly,0
6249,thoughtlessness,0
6250,thrash,0
6251,threat,0
6252,threaten,0
6253,threatening,0
6254,threats,0
6255,threesome,0
6256,throb,0
6257,throbbed,0
6258,throbbing,0
6259,throbs,0
6260,throttle,0
6261,thug,0
6262,thumb-down,0
6263,thumbs-down,0
6264,thwart,0
6265,time-consuming,0
6266,timid,0
6267,timidity,0
6268,timidly,0
6269,timidness,0
6270,tin-y,0
6271,tingled,0
6272,tingling,0
6273,tired,0
6274,tiresome,0
6275,tiring,0
6276,tiringly,0
6277,toil,0
6278,toll,0
6279,top-heavy,0
6280,topple,0
6281,torment,0
6282,tormented,0
6283,torrent,0
6284,tortuous,0
6285,torture,0
6286,tortured,0
6287,tortures,0
6288,torturing,0
6289,torturous,0
6290,torturously,0
6291,totalitarian,0
6292,touchy,0
6293,toughness,0
6294,tout,0
6295,touted,0
6296,touts,0
6297,toxic,0
6298,traduce,0
6299,tragedy,0
6300,tragic,0
6301,tragically,0
6302,traitor,0
6303,traitorous,0
6304,traitorously,0
6305,tramp,0
6306,trample,0
6307,transgress,0
6308,transgression,0
6309,trap,0
6310,traped,0
6311,trapped,0
6312,trash,0
6313,trashed,0
6314,trashy,0
6315,trauma,0
6316,traumatic,0
6317,traumatically,0
6318,traumatize,0
6319,traumatized,0
6320,travesties,0
6321,travesty,0
6322,treacherous,0
6323,treacherously,0
6324,treachery,0
6325,treason,0
6326,treasonous,0
6327,trick,0
6328,tricked,0
6329,trickery,0
6330,tricky,0
6331,trivial,0
6332,trivialize,0
6333,trouble,0
6334,troubled,0
6335,troublemaker,0
6336,troubles,0
6337,troublesome,0
6338,troublesomely,0
6339,troubling,0
6340,troublingly,0
6341,truant,0
6342,tumble,0
6343,tumbled,0
6344,tumbles,0
6345,tumultuous,0
6346,turbulent,0
6347,turmoil,0
6348,twist,0
6349,twisted,0
6350,twists,0
6351,two-faced,0
6352,two-faces,0
6353,tyrannical,0
6354,tyrannically,0
6355,tyranny,0
6356,tyrant,0
6357,ugh,0
6358,uglier,0
6359,ugliest,0
6360,ugliness,0
6361,ugly,0
6362,ulterior,0
6363,ultimatum,0
6364,ultimatums,0
6365,ultra-hardline,0
6366,un-viewable,0
6367,unable,0
6368,unacceptable,0
6369,unacceptablely,0
6370,unacceptably,0
6371,unaccessible,0
6372,unaccustomed,0
6373,unachievable,0
6374,unaffordable,0
6375,unappealing,0
6376,unattractive,0
6377,unauthentic,0
6378,unavailable,0
6379,unavoidably,0
6380,unbearable,0
6381,unbearablely,0
6382,unbelievable,0
6383,unbelievably,0
6384,uncaring,0
6385,uncertain,0
6386,uncivil,0
6387,uncivilized,0
6388,unclean,0
6389,unclear,0
6390,uncollectible,0
6391,uncomfortable,0
6392,uncomfortably,0
6393,uncomfy,0
6394,uncompetitive,0
6395,uncompromising,0
6396,uncompromisingly,0
6397,unconfirmed,0
6398,unconstitutional,0
6399,uncontrolled,0
6400,unconvincing,0
6401,unconvincingly,0
6402,uncooperative,0
6403,uncouth,0
6404,uncreative,0
6405,undecided,0
6406,undefined,0
6407,undependability,0
6408,undependable,0
6409,undercut,0
6410,undercuts,0
6411,undercutting,0
6412,underdog,0
6413,underestimate,0
6414,underlings,0
6415,undermine,0
6416,undermined,0
6417,undermines,0
6418,undermining,0
6419,underpaid,0
6420,underpowered,0
6421,undersized,0
6422,undesirable,0
6423,undetermined,0
6424,undid,0
6425,undignified,0
6426,undissolved,0
6427,undocumented,0
6428,undone,0
6429,undue,0
6430,unease,0
6431,uneasily,0
6432,uneasiness,0
6433,uneasy,0
6434,uneconomical,0
6435,unemployed,0
6436,unequal,0
6437,unethical,0
6438,uneven,0
6439,uneventful,0
6440,unexpected,0
6441,unexpectedly,0
6442,unexplained,0
6443,unfairly,0
6444,unfaithful,0
6445,unfaithfully,0
6446,unfamiliar,0
6447,unfavorable,0
6448,unfeeling,0
6449,unfinished,0
6450,unfit,0
6451,unforeseen,0
6452,unforgiving,0
6453,unfortunate,0
6454,unfortunately,0
6455,unfounded,0
6456,unfriendly,0
6457,unfulfilled,0
6458,unfunded,0
6459,ungovernable,0
6460,ungrateful,0
6461,unhappily,0
6462,unhappiness,0
6463,unhappy,0
6464,unhealthy,0
6465,unhelpful,0
6466,unilateralism,0
6467,unimaginable,0
6468,unimaginably,0
6469,unimportant,0
6470,uninformed,0
6471,uninsured,0
6472,unintelligible,0
6473,unintelligile,0
6474,unipolar,0
6475,unjust,0
6476,unjustifiable,0
6477,unjustifiably,0
6478,unjustified,0
6479,unjustly,0
6480,unkind,0
6481,unkindly,0
6482,unknown,0
6483,unlamentable,0
6484,unlamentably,0
6485,unlawful,0
6486,unlawfully,0
6487,unlawfulness,0
6488,unleash,0
6489,unlicensed,0
6490,unlikely,0
6491,unlucky,0
6492,unmoved,0
6493,unnatural,0
6494,unnaturally,0
6495,unnecessary,0
6496,unneeded,0
6497,unnerve,0
6498,unnerved,0
6499,unnerving,0
6500,unnervingly,0
6501,unnoticed,0
6502,unobserved,0
6503,unorthodox,0
6504,unorthodoxy,0
6505,unpleasant,0
6506,unpleasantries,0
6507,unpopular,0
6508,unpredictable,0
6509,unprepared,0
6510,unproductive,0
6511,unprofitable,0
6512,unprove,0
6513,unproved,0
6514,unproven,0
6515,unproves,0
6516,unproving,0
6517,unqualified,0
6518,unravel,0
6519,unraveled,0
6520,unreachable,0
6521,unreadable,0
6522,unrealistic,0
6523,unreasonable,0
6524,unreasonably,0
6525,unrelenting,0
6526,unrelentingly,0
6527,unreliability,0
6528,unreliable,0
6529,unresolved,0
6530,unresponsive,0
6531,unrest,0
6532,unruly,0
6533,unsafe,0
6534,unsatisfactory,0
6535,unsavory,0
6536,unscrupulous,0
6537,unscrupulously,0
6538,unsecure,0
6539,unseemly,0
6540,unsettle,0
6541,unsettled,0
6542,unsettling,0
6543,unsettlingly,0
6544,unskilled,0
6545,unsophisticated,0
6546,unsound,0
6547,unspeakable,0
6548,unspeakablely,0
6549,unspecified,0
6550,unstable,0
6551,unsteadily,0
6552,unsteadiness,0
6553,unsteady,0
6554,unsuccessful,0
6555,unsuccessfully,0
6556,unsupported,0
6557,unsupportive,0
6558,unsure,0
6559,unsuspecting,0
6560,unsustainable,0
6561,untenable,0
6562,untested,0
6563,unthinkable,0
6564,unthinkably,0
6565,untimely,0
6566,untouched,0
6567,untrue,0
6568,untrustworthy,0
6569,untruthful,0
6570,unusable,0
6571,unusably,0
6572,unuseable,0
6573,unuseably,0
6574,unusual,0
6575,unusually,0
6576,unviewable,0
6577,unwanted,0
6578,unwarranted,0
6579,unwatchable,0
6580,unwelcome,0
6581,unwell,0
6582,unwieldy,0
6583,unwilling,0
6584,unwillingly,0
6585,unwillingness,0
6586,unwise,0
6587,unwisely,0
6588,unworkable,0
6589,unworthy,0
6590,unyielding,0
6591,upbraid,0
6592,upheaval,0
6593,uprising,0
6594,uproar,0
6595,uproarious,0
6596,uproariously,0
6597,uproarous,0
6598,uproarously,0
6599,uproot,0
6600,upset,0
6601,upseting,0
6602,upsets,0
6603,upsetting,0
6604,upsettingly,0
6605,urgent,0
6606,useless,0
6607,usurp,0
6608,usurper,0
6609,utterly,0
6610,vagrant,0
6611,vague,0
6612,vagueness,0
6613,vain,0
6614,vainly,0
6615,vanity,0
6616,vehement,0
6617,vehemently,0
6618,vengeance,0
6619,vengeful,0
6620,vengefully,0
6621,vengefulness,0
6622,venom,0
6623,venomous,0
6624,venomously,0
6625,vent,0
6626,vestiges,0
6627,vex,0
6628,vexation,0
6629,vexing,0
6630,vexingly,0
6631,vibrate,0
6632,vibrated,0
6633,vibrates,0
6634,vibrating,0
6635,vibration,0
6636,vice,0
6637,vicious,0
6638,viciously,0
6639,viciousness,0
6640,victimize,0
6641,vile,0
6642,vileness,0
6643,vilify,0
6644,villainous,0
6645,villainously,0
6646,villains,0
6647,villian,0
6648,villianous,0
6649,villianously,0
6650,villify,0
6651,vindictive,0
6652,vindictively,0
6653,vindictiveness,0
6654,violate,0
6655,violation,0
6656,violator,0
6657,violators,0
6658,violent,0
6659,violently,0
6660,viper,0
6661,virulence,0
6662,virulent,0
6663,virulently,0
6664,virus,0
6665,vociferous,0
6666,vociferously,0
6667,volatile,0
6668,volatility,0
6669,vomit,0
6670,vomited,0
6671,vomiting,0
6672,vomits,0
6673,vulgar,0
6674,vulnerable,0
6675,wack,0
6676,wail,0
6677,wallow,0
6678,wane,0
6679,waning,0
6680,wanton,0
6681,war-like,0
6682,warily,0
6683,wariness,0
6684,warlike,0
6685,warned,0
6686,warning,0
6687,warp,0
6688,warped,0
6689,wary,0
6690,washed-out,0
6691,waste,0
6692,wasted,0
6693,wasteful,0
6694,wastefulness,0
6695,wasting,0
6696,water-down,0
6697,watered-down,0
6698,wayward,0
6699,weak,0
6700,weaken,0
6701,weakening,0
6702,weaker,0
6703,weakness,0
6704,weaknesses,0
6705,weariness,0
6706,wearisome,0
6707,weary,0
6708,wedge,0
6709,weed,0
6710,weep,0
6711,weird,0
6712,weirdly,0
6713,wheedle,0
6714,whimper,0
6715,whine,0
6716,whining,0
6717,whiny,0
6718,whips,0
6719,whore,0
6720,whores,0
6721,wicked,0
6722,wickedly,0
6723,wickedness,0
6724,wild,0
6725,wildly,0
6726,wiles,0
6727,wilt,0
6728,wily,0
6729,wimpy,0
6730,wince,0
6731,wobble,0
6732,wobbled,0
6733,wobbles,0
6734,woe,0
6735,woebegone,0
6736,woeful,0
6737,woefully,0
6738,womanizer,0
6739,womanizing,0
6740,worn,0
6741,worried,0
6742,worriedly,0
6743,worrier,0
6744,worries,0
6745,worrisome,0
6746,worry,0
6747,worrying,0
6748,worryingly,0
6749,worse,0
6750,worsen,0
6751,worsening,0
6752,worst,0
6753,worthless,0
6754,worthlessly,0
6755,worthlessness,0
6756,wound,0
6757,wounds,0
6758,wrangle,0
6759,wrath,0
6760,wreak,0
6761,wreaked,0
6762,wreaks,0
6763,wreck,0
6764,wrest,0
6765,wrestle,0
6766,wretch,0
6767,wretched,0
6768,wretchedly,0
6769,wretchedness,0
6770,wrinkle,0
6771,wrinkled,0
6772,wrinkles,0
6773,wrip,0
6774,wripped,0
6775,wripping,0
6776,writhe,0
6777,wrong,0
6778,wrongful,0
6779,wrongly,0
6780,wrought,0
6781,yawn,0
6782,zap,0
6783,zapped,0
6784,zaps,0
6785,zealot,0
6786,zealous,0
6787,zealously,0
6788,zombie,0
